date,sales
1/1/2025 0:00,403.4653137
1/1/2025 1:00,435.8260901
1/1/2025 2:00,403.9654707
1/1/2025 3:00,387.3126349
1/1/2025 4:00,383.8438439
1/1/2025 5:00,395.541811
1/1/2025 6:00,382.9063461
1/1/2025 7:00,394.6891081
1/1/2025 8:00,410.0148822
1/1/2025 9:00,448.8379531
1/1/2025 10:00,410.028842
1/1/2025 11:00,406.9791827
1/1/2025 12:00,420.3707357
1/1/2025 13:00,452.0777454
1/1/2025 14:00,388.6848633
1/1/2025 15:00,416.756483
1/1/2025 16:00,406.6317996
1/1/2025 17:00,416.5035231
1/1/2025 18:00,424.8690055
1/1/2025 19:00,419.2386666
1/1/2025 20:00,407.2304286
1/1/2025 21:00,402.9416026
1/1/2025 22:00,428.981045
1/1/2025 23:00,447.9556164
1/2/2025 0:00,452.9534035
1/2/2025 1:00,435.5518969
1/2/2025 2:00,446.5762499
1/2/2025 3:00,446.2915503
1/2/2025 4:00,419.8741207
1/2/2025 5:00,449.0277762
1/2/2025 6:00,
1/2/2025 7:00,434.0611977
1/2/2025 8:00,399.3203283
1/2/2025 9:00,426.9457156
1/2/2025 10:00,474.8104087
1/2/2025 11:00,437.5723856
1/2/2025 12:00,435.2614048
1/2/2025 13:00,442.1742505
1/2/2025 14:00,453.8612772
1/2/2025 15:00,469.6461247
1/2/2025 16:00,464.0207901
1/2/2025 17:00,443.7576544
1/2/2025 18:00,448.9824257
1/2/2025 19:00,413.2570172
1/2/2025 20:00,438.9758665
1/2/2025 21:00,451.7936341
1/2/2025 22:00,452.9479592
1/2/2025 23:00,416.7054274
1/3/2025 0:00,451.1742978
1/3/2025 1:00,441.3480432
1/3/2025 2:00,449.2554042
1/3/2025 3:00,489.0209164
1/3/2025 4:00,469.8054289
1/3/2025 5:00,412.0745478
1/3/2025 6:00,446.1468859
1/3/2025 7:00,473.5419019
1/3/2025 8:00,465.2514777
1/3/2025 9:00,452.0609022
1/3/2025 10:00,483.4071387
1/3/2025 11:00,437.1700155
1/3/2025 12:00,462.447289
1/3/2025 13:00,455.8770849
1/3/2025 14:00,419.7601408
1/3/2025 15:00,444.6064053
1/3/2025 16:00,389.2497735
1/3/2025 17:00,464.5002455
1/3/2025 18:00,443.4266361
1/3/2025 19:00,444.548181
1/3/2025 20:00,443.0963288
1/3/2025 21:00,
1/3/2025 22:00,402.0418185
1/3/2025 23:00,423.116506
1/4/2025 0:00,441.7337148
1/4/2025 1:00,427.582099
1/4/2025 2:00,443.7106936
1/4/2025 3:00,398.2451376
1/4/2025 4:00,426.9302675
1/4/2025 5:00,417.167549
1/4/2025 6:00,441.1421311
1/4/2025 7:00,435.7335396
1/4/2025 8:00,409.3270348
1/4/2025 9:00,413.2659471
1/4/2025 10:00,431.553875
1/4/2025 11:00,396.3714386
1/4/2025 12:00,392.074401
1/4/2025 13:00,386.1854553
1/4/2025 14:00,406.9134284
1/4/2025 15:00,395.2072278
1/4/2025 16:00,386.9637392
1/4/2025 17:00,389.834438
1/4/2025 18:00,415.8125551
1/4/2025 19:00,374.0622583
1/4/2025 20:00,411.2492524
1/4/2025 21:00,394.9637146
1/4/2025 22:00,456.7249811
1/4/2025 23:00,389.7959683
1/5/2025 0:00,416.2460541
1/5/2025 1:00,389.4496179
1/5/2025 2:00,354.5725592
1/5/2025 3:00,376.2855572
1/5/2025 4:00,394.0167641
1/5/2025 5:00,401.9233507
1/5/2025 6:00,361.0455337
1/5/2025 7:00,394.1027508
1/5/2025 8:00,401.4660408
1/5/2025 9:00,347.1489747
1/5/2025 10:00,406.7814515
1/5/2025 11:00,376.6834729
1/5/2025 12:00,342.7213366
1/5/2025 13:00,370.0314804
1/5/2025 14:00,404.681741
1/5/2025 15:00,369.9813006
1/5/2025 16:00,359.3739241
1/5/2025 17:00,384.521885
1/5/2025 18:00,364.1460717
1/5/2025 19:00,335.4430814
1/5/2025 20:00,389.9149538
1/5/2025 21:00,373.0580979
1/5/2025 22:00,395.4895204
1/5/2025 23:00,362.1493678
1/6/2025 0:00,347.5541077
1/6/2025 1:00,342.4127728
1/6/2025 2:00,
1/6/2025 3:00,383.4167346
1/6/2025 4:00,351.4320596
1/6/2025 5:00,387.8691131
1/6/2025 6:00,368.5096195
1/6/2025 7:00,362.0053114
1/6/2025 8:00,375.6632113
1/6/2025 9:00,364.2810398
1/6/2025 10:00,377.095878
1/6/2025 11:00,357.6120522
1/6/2025 12:00,371.3534984
1/6/2025 13:00,371.4351246
1/6/2025 14:00,352.4886205
1/6/2025 15:00,383.7207781
1/6/2025 16:00,397.0644398
1/6/2025 17:00,378.1210892
1/6/2025 18:00,393.9816634
1/6/2025 19:00,343.0156094
1/6/2025 20:00,382.2514504
1/6/2025 21:00,381.9256283
1/6/2025 22:00,386.9484764
1/6/2025 23:00,374.4489982
1/7/2025 0:00,417.0446894
1/7/2025 1:00,399.4958191
1/7/2025 2:00,349.5526743
1/7/2025 3:00,371.18967
1/7/2025 4:00,412.9309288
1/7/2025 5:00,369.1229809
1/7/2025 6:00,401.4476975
1/7/2025 7:00,397.3910633
1/7/2025 8:00,391.8004775
1/7/2025 9:00,410.8376227
1/7/2025 10:00,396.1211185
1/7/2025 11:00,399.4421561
1/7/2025 12:00,374.99217
1/7/2025 13:00,424.4360912
1/7/2025 14:00,397.4753179
1/7/2025 15:00,389.9500915
1/7/2025 16:00,434.1501004
1/7/2025 17:00,437.153635
1/7/2025 18:00,467.7934688
1/7/2025 19:00,
1/7/2025 20:00,414.9448978
1/7/2025 21:00,414.936473
1/7/2025 22:00,416.0384339
1/7/2025 23:00,399.3501202
1/8/2025 0:00,418.1707923
1/8/2025 1:00,429.6891325
1/8/2025 2:00,438.8197955
1/8/2025 3:00,424.92527
1/8/2025 4:00,428.3450509
1/8/2025 5:00,455.1538625
1/8/2025 6:00,428.4427368
1/8/2025 7:00,414.1199168
1/8/2025 8:00,443.4188763
1/8/2025 9:00,425.0183259
1/8/2025 10:00,410.1034039
1/8/2025 11:00,432.9049685
1/8/2025 12:00,407.5801808
1/8/2025 13:00,431.4177202
1/8/2025 14:00,440.9420164
1/8/2025 15:00,434.7764768
1/8/2025 16:00,446.7595177
1/8/2025 17:00,423.3390352
1/8/2025 18:00,444.5743134
1/8/2025 19:00,452.5096477
1/8/2025 20:00,463.7221044
1/8/2025 21:00,472.905914
1/8/2025 22:00,443.6759259
1/8/2025 23:00,436.1854943
1/9/2025 0:00,437.852246
1/9/2025 1:00,462.5846643
1/9/2025 2:00,471.3426974
1/9/2025 3:00,473.6196044
1/9/2025 4:00,488.4741285
1/9/2025 5:00,446.0423111
1/9/2025 6:00,498.026407
1/9/2025 7:00,434.9422122
1/9/2025 8:00,471.9169146
1/9/2025 9:00,491.232784
1/9/2025 10:00,499.6220704
1/9/2025 11:00,460.9560006
1/9/2025 12:00,430.6344731
1/9/2025 13:00,453.717446
1/9/2025 14:00,456.6811762
1/9/2025 15:00,482.5612739
1/9/2025 16:00,448.3120358
1/9/2025 17:00,466.1927705
1/9/2025 18:00,472.0377433
1/9/2025 19:00,473.5994953
1/9/2025 20:00,
1/9/2025 21:00,484.6506218
1/9/2025 22:00,449.615355
1/9/2025 23:00,501.1244162
1/10/2025 0:00,505.0604683
1/10/2025 1:00,489.121798
1/10/2025 2:00,436.4831869
1/10/2025 3:00,462.76496
1/10/2025 4:00,486.8893806
1/10/2025 5:00,449.6758507
1/10/2025 6:00,486.8487036
1/10/2025 7:00,505.7325707
1/10/2025 8:00,451.609854
1/10/2025 9:00,486.4851214
1/10/2025 10:00,462.0794294
1/10/2025 11:00,440.6652753
1/10/2025 12:00,441.7167609
1/10/2025 13:00,450.3639387
1/10/2025 14:00,470.4540759
1/10/2025 15:00,413.2372943
1/10/2025 16:00,459.8036404
1/10/2025 17:00,490.259783
1/10/2025 18:00,463.6202159
1/10/2025 19:00,511.5141247
1/10/2025 20:00,431.5972606
1/10/2025 21:00,462.1710682
1/10/2025 22:00,499.1436463
1/10/2025 23:00,467.2739435
1/11/2025 0:00,462.2892232
1/11/2025 1:00,435.617058
1/11/2025 2:00,438.5089569
1/11/2025 3:00,435.7413209
1/11/2025 4:00,460.2092206
1/11/2025 5:00,461.0001597
1/11/2025 6:00,425.5311253
1/11/2025 7:00,436.4667196
1/11/2025 8:00,451.7983627
1/11/2025 9:00,439.1587736
1/11/2025 10:00,451.9078584
1/11/2025 11:00,406.4186837
1/11/2025 12:00,412.5080979
1/11/2025 13:00,408.1360066
1/11/2025 14:00,407.5742139
1/11/2025 15:00,375.1019928
1/11/2025 16:00,435.923929
1/11/2025 17:00,383.9684508
1/11/2025 18:00,428.1899347
1/11/2025 19:00,427.9051598
1/11/2025 20:00,404.4062736
1/11/2025 21:00,
1/11/2025 22:00,396.6858132
1/11/2025 23:00,378.3033005
1/12/2025 0:00,416.3301795
1/12/2025 1:00,398.248319
1/12/2025 2:00,411.9776244
1/12/2025 3:00,401.7506683
1/12/2025 4:00,395.6246607
1/12/2025 5:00,400.0769339
1/12/2025 6:00,425.6246661
1/12/2025 7:00,366.1733957
1/12/2025 8:00,435.8348206
1/12/2025 9:00,396.6725837
1/12/2025 10:00,399.831136
1/12/2025 11:00,411.7931459
1/12/2025 12:00,381.0936144
1/12/2025 13:00,382.2588411
1/12/2025 14:00,412.682013
1/12/2025 15:00,387.5340002
1/12/2025 16:00,361.0137683
1/12/2025 17:00,391.1482179
1/12/2025 18:00,384.8814496
1/12/2025 19:00,396.394388
1/12/2025 20:00,424.9493292
1/12/2025 21:00,375.0604377
1/12/2025 22:00,382.7285547
1/12/2025 23:00,347.7103259
1/13/2025 0:00,363.4865595
1/13/2025 1:00,393.8927859
1/13/2025 2:00,389.0588349
1/13/2025 3:00,401.1590197
1/13/2025 4:00,380.6202211
1/13/2025 5:00,366.4642658
1/13/2025 6:00,391.7780406
1/13/2025 7:00,382.8249977
1/13/2025 8:00,377.4483113
1/13/2025 9:00,363.9741867
1/13/2025 10:00,376.6551183
1/13/2025 11:00,358.6542294
1/13/2025 12:00,336.4742088
1/13/2025 13:00,381.9823853
1/13/2025 14:00,364.9385414
1/13/2025 15:00,361.1309686
1/13/2025 16:00,354.7639769
1/13/2025 17:00,396.5908588
1/13/2025 18:00,383.3121351
1/13/2025 19:00,417.1109574
1/13/2025 20:00,384.0921976
1/13/2025 21:00,338.6400766
1/13/2025 22:00,400.0174028
1/13/2025 23:00,397.4907064
1/14/2025 0:00,365.8681946
1/14/2025 1:00,368.9029338
1/14/2025 2:00,
1/14/2025 3:00,390.9705835
1/14/2025 4:00,391.4089967
1/14/2025 5:00,404.2584695
1/14/2025 6:00,445.5730445
1/14/2025 7:00,369.3476547
1/14/2025 8:00,402.5003157
1/14/2025 9:00,378.0531009
1/14/2025 10:00,382.338685
1/14/2025 11:00,414.2807303
1/14/2025 12:00,438.6910339
1/14/2025 13:00,411.593827
1/14/2025 14:00,411.2741142
1/14/2025 15:00,409.3902157
1/14/2025 16:00,414.1241308
1/14/2025 17:00,432.0340053
1/14/2025 18:00,457.7154041
1/14/2025 19:00,436.1183763
1/14/2025 20:00,434.7784805
1/14/2025 21:00,439.3867669
1/14/2025 22:00,444.9220092
1/14/2025 23:00,450.3588172
1/15/2025 0:00,422.0291183
1/15/2025 1:00,434.958686
1/15/2025 2:00,435.03646
1/15/2025 3:00,472.2724823
1/15/2025 4:00,420.6980332
1/15/2025 5:00,438.0970585
1/15/2025 6:00,441.9289467
1/15/2025 7:00,436.0288594
1/15/2025 8:00,443.6935159
1/15/2025 9:00,465.3378508
1/15/2025 10:00,462.0055973
1/15/2025 11:00,472.7140487
1/15/2025 12:00,489.0703737
1/15/2025 13:00,435.2082037
1/15/2025 14:00,442.9382358
1/15/2025 15:00,488.947524
1/15/2025 16:00,446.4060716
1/15/2025 17:00,475.6096958
1/15/2025 18:00,491.6510471
1/15/2025 19:00,516.0521962
1/15/2025 20:00,501.7335022
1/15/2025 21:00,484.0916533
1/15/2025 22:00,469.3217585
1/15/2025 23:00,461.5729793
1/16/2025 0:00,515.8930889
1/16/2025 1:00,483.6927674
1/16/2025 2:00,478.5086267
1/16/2025 3:00,483.6661834
1/16/2025 4:00,470.7882777
1/16/2025 5:00,493.5086258
1/16/2025 6:00,570.9402295
1/16/2025 7:00,492.7932205
1/16/2025 8:00,479.982608
1/16/2025 9:00,488.2154941
1/16/2025 10:00,481.7442973
1/16/2025 11:00,444.8859029
1/16/2025 12:00,500.9806286
1/16/2025 13:00,485.9676415
1/16/2025 14:00,492.8315226
1/16/2025 15:00,527.9058185
1/16/2025 16:00,492.1218932
1/16/2025 17:00,515.2816177
1/16/2025 18:00,516.5546277
1/16/2025 19:00,494.2290096
1/16/2025 20:00,488.0357025
1/16/2025 21:00,461.613607
1/16/2025 22:00,570.7657993
1/16/2025 23:00,497.3547737
1/17/2025 0:00,545.7448783
1/17/2025 1:00,499.9059402
1/17/2025 2:00,492.3035267
1/17/2025 3:00,476.0558759
1/17/2025 4:00,556.5138088
1/17/2025 5:00,511.983978
1/17/2025 6:00,476.2346199
1/17/2025 7:00,480.8801335
1/17/2025 8:00,454.9961686
1/17/2025 9:00,532.5135645
1/17/2025 10:00,463.7960687
1/17/2025 11:00,506.3847992
1/17/2025 12:00,
1/17/2025 13:00,512.036581
1/17/2025 14:00,480.5228467
1/17/2025 15:00,480.598701
1/17/2025 16:00,483.2837045
1/17/2025 17:00,450.3889751
1/17/2025 18:00,496.6087038
1/17/2025 19:00,493.2244764
1/17/2025 20:00,503.0519968
1/17/2025 21:00,517.3896146
1/17/2025 22:00,486.3675572
1/17/2025 23:00,448.8051926
1/18/2025 0:00,516.293248
1/18/2025 1:00,451.1674544
1/18/2025 2:00,445.3792211
1/18/2025 3:00,419.1300319
1/18/2025 4:00,445.1052138
1/18/2025 5:00,439.1052814
1/18/2025 6:00,440.3507033
1/18/2025 7:00,451.4968236
1/18/2025 8:00,459.9560938
1/18/2025 9:00,430.5301035
1/18/2025 10:00,427.6633169
1/18/2025 11:00,424.2741802
1/18/2025 12:00,479.3507169
1/18/2025 13:00,458.1027615
1/18/2025 14:00,436.5118399
1/18/2025 15:00,441.0288004
1/18/2025 16:00,440.1437671
1/18/2025 17:00,427.3117879
1/18/2025 18:00,419.3038325
1/18/2025 19:00,425.5535935
1/18/2025 20:00,436.7046927
1/18/2025 21:00,411.8273904
1/18/2025 22:00,419.3542021
1/18/2025 23:00,437.701361
1/19/2025 0:00,432.2525757
1/19/2025 1:00,409.9905819
1/19/2025 2:00,434.3753331
1/19/2025 3:00,394.7328698
1/19/2025 4:00,409.2439512
1/19/2025 5:00,400.6029876
1/19/2025 6:00,385.2408767
1/19/2025 7:00,430.5992586
1/19/2025 8:00,384.4022397
1/19/2025 9:00,381.4779678
1/19/2025 10:00,405.4166605
1/19/2025 11:00,408.3064575
1/19/2025 12:00,416.2764778
1/19/2025 13:00,390.9475791
1/19/2025 14:00,412.7908893
1/19/2025 15:00,425.8452234
1/19/2025 16:00,369.882789
1/19/2025 17:00,411.2257239
1/19/2025 18:00,416.1852941
1/19/2025 19:00,395.787342
1/19/2025 20:00,377.0177025
1/19/2025 21:00,377.4663603
1/19/2025 22:00,400.5087675
1/19/2025 23:00,376.135866
1/20/2025 0:00,377.9712588
1/20/2025 1:00,375.0442573
1/20/2025 2:00,397.6318401
1/20/2025 3:00,393.0303024
1/20/2025 4:00,399.0560888
1/20/2025 5:00,398.8966301
1/20/2025 6:00,373.7894339
1/20/2025 7:00,370.5849444
1/20/2025 8:00,373.3654454
1/20/2025 9:00,390.3948793
1/20/2025 10:00,376.924552
1/20/2025 11:00,372.7335629
1/20/2025 12:00,412.3722886
1/20/2025 13:00,388.1071983
1/20/2025 14:00,406.4504553
1/20/2025 15:00,385.6264618
1/20/2025 16:00,
1/20/2025 17:00,368.1236135
1/20/2025 18:00,407.2326545
1/20/2025 19:00,362.1142834
1/20/2025 20:00,370.2856047
1/20/2025 21:00,418.8146392
1/20/2025 22:00,412.2807087
1/20/2025 23:00,386.2429877
1/21/2025 0:00,402.175448
1/21/2025 1:00,400.8704581
1/21/2025 2:00,415.8655002
1/21/2025 3:00,414.5615466
1/21/2025 4:00,437.2726277
1/21/2025 5:00,461.7445871
1/21/2025 6:00,433.6876151
1/21/2025 7:00,440.07315
1/21/2025 8:00,363.6858027
1/21/2025 9:00,416.6409141
1/21/2025 10:00,408.0089256
1/21/2025 11:00,399.0010534
1/21/2025 12:00,414.0912772
1/21/2025 13:00,402.5043734
1/21/2025 14:00,440.3056115
1/21/2025 15:00,444.0104009
1/21/2025 16:00,399.6646951
1/21/2025 17:00,465.6591147
1/21/2025 18:00,429.4592794
1/21/2025 19:00,451.7196297
1/21/2025 20:00,432.3433195
1/21/2025 21:00,394.3918287
1/21/2025 22:00,439.9429436
1/21/2025 23:00,423.6012066
1/22/2025 0:00,473.7069261
1/22/2025 1:00,470.4434908
1/22/2025 2:00,469.2413807
1/22/2025 3:00,486.6063751
1/22/2025 4:00,431.9219301
1/22/2025 5:00,475.2767112
1/22/2025 6:00,520.7038211
1/22/2025 7:00,478.4215
1/22/2025 8:00,480.1716523
1/22/2025 9:00,488.4940323
1/22/2025 10:00,523.7652683
1/22/2025 11:00,486.3478553
1/22/2025 12:00,553.1408522
1/22/2025 13:00,537.3468719
1/22/2025 14:00,497.0658024
1/22/2025 15:00,500.9985025
1/22/2025 16:00,545.2489144
1/22/2025 17:00,536.9386041
1/22/2025 18:00,489.8957253
1/22/2025 19:00,526.2684734
1/22/2025 20:00,496.8529219
1/22/2025 21:00,491.6335267
1/22/2025 22:00,553.6130501
1/22/2025 23:00,502.1003537
1/23/2025 0:00,516.3381311
1/23/2025 1:00,521.0104758
1/23/2025 2:00,520.9476274
1/23/2025 3:00,532.4462048
1/23/2025 4:00,517.4660588
1/23/2025 5:00,489.8972322
1/23/2025 6:00,520.4243093
1/23/2025 7:00,541.4245188
1/23/2025 8:00,486.1449418
1/23/2025 9:00,485.8190278
1/23/2025 10:00,
1/23/2025 11:00,497.3387246
1/23/2025 12:00,503.8671737
1/23/2025 13:00,555.5714028
1/23/2025 14:00,570.7976683
1/23/2025 15:00,541.5742693
1/23/2025 16:00,532.472505
1/23/2025 17:00,546.8859219
1/23/2025 18:00,547.908486
1/23/2025 19:00,516.1025076
1/23/2025 20:00,583.6614143
1/23/2025 21:00,490.5307355
1/23/2025 22:00,495.2202458
1/23/2025 23:00,524.3463453
1/24/2025 0:00,508.5871061
1/24/2025 1:00,528.4175748
1/24/2025 2:00,529.6107445
1/24/2025 3:00,534.0259513
1/24/2025 4:00,535.6480706
1/24/2025 5:00,551.5115928
1/24/2025 6:00,488.6885679
1/24/2025 7:00,494.4779904
1/24/2025 8:00,559.1254224
1/24/2025 9:00,486.443793
1/24/2025 10:00,509.9982542
1/24/2025 11:00,516.4553875
1/24/2025 12:00,508.5827217
1/24/2025 13:00,515.3534028
1/24/2025 14:00,530.6478046
1/24/2025 15:00,478.7388445
1/24/2025 16:00,499.9698703
1/24/2025 17:00,498.673452
1/24/2025 18:00,545.7944292
1/24/2025 19:00,537.1300581
1/24/2025 20:00,537.5008731
1/24/2025 21:00,513.3348969
1/24/2025 22:00,533.8948981
1/24/2025 23:00,500.0715355
1/25/2025 0:00,527.1318713
1/25/2025 1:00,483.9998873
1/25/2025 2:00,440.1392539
1/25/2025 3:00,508.9217051
1/25/2025 4:00,511.7007162
1/25/2025 5:00,445.2968943
1/25/2025 6:00,454.5111327
1/25/2025 7:00,513.9747995
1/25/2025 8:00,506.7761743
1/25/2025 9:00,450.0061797
1/25/2025 10:00,497.3471703
1/25/2025 11:00,446.7918922
1/25/2025 12:00,495.8623488
1/25/2025 13:00,452.6851375
1/25/2025 14:00,518.546792
1/25/2025 15:00,477.825961
1/25/2025 16:00,434.5932499
1/25/2025 17:00,425.8938654
1/25/2025 18:00,448.5817066
1/25/2025 19:00,463.7829704
1/25/2025 20:00,424.9847724
1/25/2025 21:00,455.6103302
1/25/2025 22:00,438.4450639
1/25/2025 23:00,390.3091535
1/26/2025 0:00,418.6095349
1/26/2025 1:00,438.556316
1/26/2025 2:00,417.0940176
1/26/2025 3:00,439.8954935
1/26/2025 4:00,459.9978357
1/26/2025 5:00,453.8208441
1/26/2025 6:00,402.4417314
1/26/2025 7:00,403.2471736
1/26/2025 8:00,395.5344636
1/26/2025 9:00,410.7104619
1/26/2025 10:00,412.2417449
1/26/2025 11:00,438.1536401
1/26/2025 12:00,425.2594061
1/26/2025 13:00,389.648321
1/26/2025 14:00,403.9647314
1/26/2025 15:00,431.8835391
1/26/2025 16:00,381.7399403
1/26/2025 17:00,395.8425165
1/26/2025 18:00,395.5723752
1/26/2025 19:00,413.2025485
1/26/2025 20:00,435.7516753
1/26/2025 21:00,388.5356974
1/26/2025 22:00,389.3165851
1/26/2025 23:00,381.186144
1/27/2025 0:00,400.621906
1/27/2025 1:00,397.2875926
1/27/2025 2:00,376.9026207
1/27/2025 3:00,397.7990905
1/27/2025 4:00,391.4871396
1/27/2025 5:00,400.5655439
1/27/2025 6:00,448.1171119
1/27/2025 7:00,403.1952784
1/27/2025 8:00,333.802819
1/27/2025 9:00,366.4638806
1/27/2025 10:00,425.7412616
1/27/2025 11:00,391.7979614
1/27/2025 12:00,365.6723004
1/27/2025 13:00,383.7144972
1/27/2025 14:00,405.6849672
1/27/2025 15:00,409.0505677
1/27/2025 16:00,393.5960675
1/27/2025 17:00,411.9037172
1/27/2025 18:00,393.6043536
1/27/2025 19:00,394.9212715
1/27/2025 20:00,412.8123143
1/27/2025 21:00,415.1545732
1/27/2025 22:00,407.4213555
1/27/2025 23:00,414.8907817
1/28/2025 0:00,381.6618817
1/28/2025 1:00,425.7016897
1/28/2025 2:00,457.9598954
1/28/2025 3:00,417.0118242
1/28/2025 4:00,455.0592481
1/28/2025 5:00,399.3470748
1/28/2025 6:00,446.975507
1/28/2025 7:00,418.7841602
1/28/2025 8:00,449.1421653
1/28/2025 9:00,415.3087964
1/28/2025 10:00,431.1380643
1/28/2025 11:00,458.4692294
1/28/2025 12:00,464.1022361
1/28/2025 13:00,460.892622
1/28/2025 14:00,439.4619856
1/28/2025 15:00,436.4168303
1/28/2025 16:00,455.2515581
1/28/2025 17:00,484.6810049
1/28/2025 18:00,465.872933
1/28/2025 19:00,449.682778
1/28/2025 20:00,468.1205595
1/28/2025 21:00,457.000473
1/28/2025 22:00,460.2492083
1/28/2025 23:00,439.9275455
1/29/2025 0:00,468.1410611
1/29/2025 1:00,503.2087982
1/29/2025 2:00,503.8888888
1/29/2025 3:00,456.3258786
1/29/2025 4:00,494.3631926
1/29/2025 5:00,541.5492797
1/29/2025 6:00,534.0567127
1/29/2025 7:00,486.3014366
1/29/2025 8:00,503.9307964
1/29/2025 9:00,506.753706
1/29/2025 10:00,534.8407971
1/29/2025 11:00,506.664165
1/29/2025 12:00,495.6517285
1/29/2025 13:00,521.9434485
1/29/2025 14:00,527.6697934
1/29/2025 15:00,
1/29/2025 16:00,475.2717215
1/29/2025 17:00,507.069513
1/29/2025 18:00,498.5506438
1/29/2025 19:00,544.0373065
1/29/2025 20:00,504.6570499
1/29/2025 21:00,574.718741
1/29/2025 22:00,534.9696034
1/29/2025 23:00,537.4131246
1/30/2025 0:00,542.8386805
1/30/2025 1:00,559.077108
1/30/2025 2:00,556.2473399
1/30/2025 3:00,576.6133352
1/30/2025 4:00,545.3164523
1/30/2025 5:00,574.8753669
1/30/2025 6:00,524.1468538
1/30/2025 7:00,582.1089954
1/30/2025 8:00,578.6696893
1/30/2025 9:00,488.8901956
1/30/2025 10:00,532.351301
1/30/2025 11:00,535.0091352
1/30/2025 12:00,547.0882868
1/30/2025 13:00,563.1801818
1/30/2025 14:00,544.9236253
1/30/2025 15:00,588.6299351
1/30/2025 16:00,541.3712441
1/30/2025 17:00,553.9912097
1/30/2025 18:00,565.7083314
1/30/2025 19:00,531.1628283
1/30/2025 20:00,565.9932624
1/30/2025 21:00,560.0623331
1/30/2025 22:00,558.2731422
1/30/2025 23:00,527.4899714
1/31/2025 0:00,510.5620925
1/31/2025 1:00,555.417567
1/31/2025 2:00,623.0774794
1/31/2025 3:00,558.8395458
1/31/2025 4:00,596.3652753
1/31/2025 5:00,570.1337947
1/31/2025 6:00,542.5643313
1/31/2025 7:00,547.8919745
1/31/2025 8:00,503.4214463
1/31/2025 9:00,576.1610223
1/31/2025 10:00,593.9631856
1/31/2025 11:00,596.2278493
1/31/2025 12:00,561.0487535
1/31/2025 13:00,550.1071083
1/31/2025 14:00,580.5142099
1/31/2025 15:00,566.755608
1/31/2025 16:00,576.9022073
1/31/2025 17:00,538.6668759
1/31/2025 18:00,560.7991569
1/31/2025 19:00,527.0103904
1/31/2025 20:00,565.7814798
1/31/2025 21:00,492.8044861
1/31/2025 22:00,549.4800996
1/31/2025 23:00,497.3884093
2/1/2025 0:00,539.7887496
2/1/2025 1:00,523.796346
2/1/2025 2:00,499.8784548
2/1/2025 3:00,515.6650505
2/1/2025 4:00,508.9085735
2/1/2025 5:00,490.058322
2/1/2025 6:00,472.8873782
2/1/2025 7:00,470.6141415
2/1/2025 8:00,500.2292985
2/1/2025 9:00,482.6827784
2/1/2025 10:00,496.9736248
2/1/2025 11:00,474.0238224
2/1/2025 12:00,508.4624458
2/1/2025 13:00,494.5204442
2/1/2025 14:00,486.5501891
2/1/2025 15:00,448.9021156
2/1/2025 16:00,447.2660129
2/1/2025 17:00,479.1334494
2/1/2025 18:00,453.1423899
2/1/2025 19:00,
2/1/2025 20:00,420.1689573
2/1/2025 21:00,446.9123183
2/1/2025 22:00,489.8611206
2/1/2025 23:00,448.4495299
2/2/2025 0:00,468.1856231
2/2/2025 1:00,412.7119498
2/2/2025 2:00,476.2032741
2/2/2025 3:00,463.3274387
2/2/2025 4:00,439.9106477
2/2/2025 5:00,447.5406411
2/2/2025 6:00,423.5163427
2/2/2025 7:00,445.3846406
2/2/2025 8:00,445.9026405
2/2/2025 9:00,440.0397967
2/2/2025 10:00,423.4954396
2/2/2025 11:00,417.5736167
2/2/2025 12:00,394.8147911
2/2/2025 13:00,411.9371673
2/2/2025 14:00,391.1065325
2/2/2025 15:00,408.191107
2/2/2025 16:00,405.6670059
2/2/2025 17:00,416.6334026
2/2/2025 18:00,410.6620541
2/2/2025 19:00,391.4045178
2/2/2025 20:00,395.4457101
2/2/2025 21:00,424.9497375
2/2/2025 22:00,396.9460133
2/2/2025 23:00,388.296735
2/3/2025 0:00,370.188943
2/3/2025 1:00,440.3901218
2/3/2025 2:00,442.9376812
2/3/2025 3:00,364.2036232
2/3/2025 4:00,374.6928982
2/3/2025 5:00,399.7354647
2/3/2025 6:00,424.4015637
2/3/2025 7:00,393.1629783
2/3/2025 8:00,426.3657983
2/3/2025 9:00,411.7072233
2/3/2025 10:00,387.6382098
2/3/2025 11:00,396.1102061
2/3/2025 12:00,405.3430772
2/3/2025 13:00,388.2649199
2/3/2025 14:00,351.8732244
2/3/2025 15:00,363.0959017
2/3/2025 16:00,422.1543488
2/3/2025 17:00,418.8002691
2/3/2025 18:00,430.9840701
2/3/2025 19:00,404.0773108
2/3/2025 20:00,405.900416
2/3/2025 21:00,468.2691933
2/3/2025 22:00,420.0871795
2/3/2025 23:00,411.454224
2/4/2025 0:00,452.6034069
2/4/2025 1:00,452.6548152
2/4/2025 2:00,421.4801752
2/4/2025 3:00,432.3251229
2/4/2025 4:00,436.805065
2/4/2025 5:00,466.4957815
2/4/2025 6:00,437.0199919
2/4/2025 7:00,464.138405
2/4/2025 8:00,450.8068489
2/4/2025 9:00,448.9637694
2/4/2025 10:00,456.1483701
2/4/2025 11:00,440.5472288
2/4/2025 12:00,500.7234478
2/4/2025 13:00,417.1512832
2/4/2025 14:00,445.8893375
2/4/2025 15:00,498.031097
2/4/2025 16:00,515.2299472
2/4/2025 17:00,491.7691089
2/4/2025 18:00,480.0302559
2/4/2025 19:00,483.4269354
2/4/2025 20:00,502.9900335
2/4/2025 21:00,513.0649684
2/4/2025 22:00,548.3326888
2/4/2025 23:00,505.507958
2/5/2025 0:00,527.2228132
2/5/2025 1:00,477.1463561
2/5/2025 3:00,513.4922376
2/5/2025 4:00,523.1200745
2/5/2025 5:00,482.0507714
2/5/2025 6:00,524.3856901
2/5/2025 7:00,522.3026776
2/5/2025 8:00,537.4318267
2/5/2025 9:00,504.2315981
2/5/2025 10:00,512.0815599
2/5/2025 11:00,
2/5/2025 12:00,537.3971413
2/5/2025 13:00,549.226781
2/5/2025 14:00,524.9994322
2/5/2025 15:00,548.758684
2/5/2025 16:00,526.4838044
2/5/2025 17:00,533.5478463
2/5/2025 18:00,553.4507432
2/5/2025 19:00,538.8715742
2/5/2025 20:00,552.7651587
2/5/2025 21:00,574.3053644
2/5/2025 22:00,615.2181293
2/5/2025 23:00,578.1460404
2/6/2025 0:00,518.9011127
2/6/2025 1:00,572.2122755
2/6/2025 2:00,558.8632974
2/6/2025 3:00,588.3604568
2/6/2025 4:00,555.1296
2/6/2025 5:00,536.5774238
2/6/2025 6:00,596.1287783
2/6/2025 7:00,589.1771116
2/6/2025 8:00,600.727237
2/6/2025 9:00,654.9977096
2/6/2025 10:00,559.0243665
2/6/2025 11:00,584.1345799
2/6/2025 12:00,622.3843473
2/6/2025 13:00,570.6359694
2/6/2025 14:00,589.9681571
2/6/2025 15:00,639.1876553
2/6/2025 16:00,568.5131812
2/6/2025 17:00,564.6048115
2/6/2025 18:00,631.0401889
2/6/2025 19:00,607.8785052
2/6/2025 20:00,587.2734109
2/6/2025 21:00,566.8769689
2/6/2025 22:00,620.9736554
2/6/2025 23:00,543.4496598
2/7/2025 0:00,580.8758982
2/7/2025 1:00,573.797103
2/7/2025 2:00,609.4531632
2/7/2025 3:00,659.6941278
2/7/2025 4:00,622.1102337
2/7/2025 5:00,545.7192613
2/7/2025 6:00,620.2016239
2/7/2025 7:00,579.9764285
2/7/2025 8:00,588.4689136
2/7/2025 9:00,576.2511164
2/7/2025 10:00,547.6805015
2/7/2025 11:00,534.4115633
2/7/2025 12:00,584.529097
2/7/2025 13:00,634.6395023
2/7/2025 14:00,604.4047455
2/7/2025 15:00,611.0386905
2/7/2025 16:00,592.0618113
2/7/2025 17:00,614.2951336
2/7/2025 18:00,561.2341199
2/7/2025 19:00,571.3805972
2/7/2025 20:00,563.0787058
2/7/2025 21:00,553.1463417
2/7/2025 22:00,531.9861062
2/7/2025 23:00,523.4134243
2/8/2025 0:00,534.5668685
2/8/2025 1:00,508.4824658
2/8/2025 2:00,574.1178843
2/8/2025 3:00,575.0883813
2/8/2025 4:00,536.8011481
2/8/2025 5:00,528.9418526
2/8/2025 6:00,516.5453356
2/8/2025 7:00,476.5481478
2/8/2025 8:00,520.0535405
2/8/2025 9:00,522.5651947
2/8/2025 10:00,522.2520916
2/8/2025 11:00,497.4026479
2/8/2025 12:00,489.7335089
2/8/2025 13:00,507.0516461
2/8/2025 14:00,480.5535302
2/8/2025 15:00,502.1614258
2/8/2025 16:00,521.9887034
2/8/2025 17:00,490.175076
2/8/2025 18:00,457.5080615
2/8/2025 19:00,464.8320895
2/8/2025 20:00,
2/8/2025 21:00,438.1861455
2/8/2025 22:00,506.6232674
2/8/2025 23:00,517.4791154
2/9/2025 0:00,441.7824433
2/9/2025 1:00,461.8630152
2/9/2025 2:00,481.7542322
2/9/2025 3:00,427.8230843
2/9/2025 4:00,435.4453128
2/9/2025 5:00,482.0982444
2/9/2025 6:00,419.2855363
2/9/2025 7:00,392.1976289
2/9/2025 8:00,397.9583707
2/9/2025 9:00,454.7075467
2/9/2025 10:00,475.4853542
2/9/2025 11:00,436.4203941
2/9/2025 12:00,446.8596379
2/9/2025 13:00,436.3809279
2/9/2025 14:00,419.8414023
2/9/2025 15:00,395.6335762
2/9/2025 16:00,441.594445
2/9/2025 17:00,399.8965804
2/9/2025 18:00,417.9362219
2/9/2025 19:00,449.3996358
2/9/2025 20:00,412.4829246
2/9/2025 21:00,401.0242182
2/9/2025 22:00,403.0950307
2/9/2025 23:00,438.7086474
2/10/2025 0:00,411.4960187
2/10/2025 1:00,414.794182
2/10/2025 2:00,395.7789104
2/10/2025 3:00,392.0580537
2/10/2025 4:00,423.9644932
2/10/2025 5:00,418.9422376
2/10/2025 6:00,469.6707751
2/10/2025 7:00,383.4722933
2/10/2025 8:00,428.4851711
2/10/2025 9:00,378.8925591
2/10/2025 10:00,429.6042544
2/10/2025 11:00,385.8997964
2/10/2025 12:00,383.0716703
2/10/2025 13:00,416.7875388
2/10/2025 14:00,409.1779502
2/10/2025 15:00,413.2454708
2/10/2025 16:00,432.4815203
2/10/2025 17:00,449.366862
2/10/2025 18:00,414.7251714
2/10/2025 19:00,419.9791366
2/10/2025 20:00,417.0972262
2/10/2025 21:00,379.3859544
2/10/2025 22:00,438.3747089
2/10/2025 23:00,
2/11/2025 0:00,443.6135922
2/11/2025 1:00,437.4266717
2/11/2025 2:00,424.2992387
2/11/2025 3:00,468.2325178
2/11/2025 4:00,419.3123114
2/11/2025 5:00,496.6839642
2/11/2025 6:00,450.9123669
2/11/2025 7:00,434.3522635
2/11/2025 8:00,454.9577673
2/11/2025 9:00,510.124487
2/11/2025 10:00,437.7595377
2/11/2025 11:00,433.1978598
2/11/2025 12:00,498.0341175
2/11/2025 13:00,485.143411
2/11/2025 14:00,458.9610082
2/11/2025 15:00,428.4802013
2/11/2025 16:00,460.251498
2/11/2025 17:00,476.2868571
2/11/2025 18:00,515.5755811
2/11/2025 19:00,516.7736429
2/11/2025 20:00,546.5871663
2/11/2025 21:00,504.5855734
2/11/2025 22:00,495.7466477
2/11/2025 23:00,499.855334
2/12/2025 0:00,544.3011857
2/12/2025 1:00,541.8936286
2/12/2025 2:00,526.276126
2/12/2025 3:00,524.1048359
2/12/2025 4:00,541.5352494
2/12/2025 5:00,513.5878355
2/12/2025 6:00,532.5849139
2/12/2025 7:00,556.9178587
2/12/2025 8:00,538.0898038
2/12/2025 9:00,573.874219
2/12/2025 10:00,618.3590854
2/12/2025 11:00,553.4656862
2/12/2025 12:00,582.7571224
2/12/2025 13:00,531.4482408
2/12/2025 14:00,527.3137716
2/12/2025 15:00,568.7341352
2/12/2025 16:00,602.8138334
2/12/2025 17:00,560.1284604
2/12/2025 18:00,552.6147123
2/12/2025 19:00,563.5254661
2/12/2025 20:00,611.6065921
2/12/2025 21:00,603.5326237
2/12/2025 22:00,640.1638703
2/12/2025 23:00,612.1844075
2/13/2025 0:00,555.0435135
2/13/2025 1:00,554.0883129
2/13/2025 2:00,604.399805
2/13/2025 3:00,632.0894791
2/13/2025 4:00,628.0928263
2/13/2025 5:00,619.9545577
2/13/2025 6:00,667.4298258
2/13/2025 7:00,642.8102782
2/13/2025 8:00,622.7402204
2/13/2025 9:00,636.0276112
2/13/2025 10:00,642.3069815
2/13/2025 11:00,610.5824727
2/13/2025 12:00,606.5991934
2/13/2025 13:00,581.8708186
2/13/2025 14:00,641.6004223
2/13/2025 15:00,617.563789
2/13/2025 16:00,587.0715721
2/13/2025 17:00,665.7178465
2/13/2025 18:00,591.4510227
2/13/2025 19:00,613.8171759
2/13/2025 20:00,593.7935819
2/13/2025 21:00,668.3850907
2/13/2025 22:00,630.6838734
2/13/2025 23:00,686.2393677
2/14/2025 0:00,635.3839852
2/14/2025 1:00,605.0298925
2/14/2025 2:00,610.2870524
2/14/2025 3:00,632.6391536
2/14/2025 4:00,622.7365517
2/14/2025 5:00,658.1789884
2/14/2025 6:00,600.374428
2/14/2025 7:00,582.2628938
2/14/2025 8:00,701.8178937
2/14/2025 9:00,580.9029613
2/14/2025 10:00,596.5533224
2/14/2025 11:00,633.3701503
2/14/2025 12:00,590.602616
2/14/2025 13:00,599.5228437
2/14/2025 14:00,634.4675659
2/14/2025 15:00,532.0145162
2/14/2025 16:00,556.4088084
2/14/2025 17:00,579.0154193
2/14/2025 18:00,551.4472794
2/14/2025 19:00,586.3788519
2/14/2025 20:00,605.3767995
2/14/2025 21:00,639.0263138
2/14/2025 22:00,566.6023529
2/14/2025 23:00,615.1448623
2/15/2025 0:00,640.6619835
2/15/2025 1:00,579.5849
2/15/2025 2:00,531.6615633
2/15/2025 3:00,518.7123496
2/15/2025 4:00,538.4013172
2/15/2025 5:00,578.1555656
2/15/2025 6:00,590.7920381
2/15/2025 7:00,548.7924996
2/15/2025 8:00,563.0782954
2/15/2025 9:00,559.9241474
2/15/2025 10:00,549.2241338
2/15/2025 11:00,520.8403913
2/15/2025 12:00,514.7271349
2/15/2025 13:00,502.2558105
2/15/2025 14:00,518.170575
2/15/2025 15:00,526.1419957
2/15/2025 16:00,497.6796973
2/15/2025 17:00,516.4818422
2/15/2025 18:00,486.5257463
2/15/2025 19:00,487.6311968
2/15/2025 20:00,475.8517141
2/15/2025 21:00,449.3968569
2/15/2025 22:00,502.3671545
2/15/2025 23:00,483.3806842
2/16/2025 0:00,492.2217806
2/16/2025 1:00,432.1282807
2/16/2025 2:00,438.0707857
2/16/2025 3:00,449.6577775
2/16/2025 4:00,490.7576133
2/16/2025 5:00,434.7842014
2/16/2025 6:00,417.4554729
2/16/2025 7:00,446.6299076
2/16/2025 8:00,443.7290398
2/16/2025 9:00,459.9952636
2/16/2025 10:00,464.6257891
2/16/2025 11:00,410.6401951
2/16/2025 12:00,438.254128
2/16/2025 13:00,478.0775283
2/16/2025 14:00,427.916931
2/16/2025 15:00,451.7252772
2/16/2025 16:00,458.0644032
2/16/2025 17:00,415.240417
2/16/2025 18:00,454.9756007
2/16/2025 19:00,400.3897883
2/16/2025 20:00,442.9504199
2/16/2025 21:00,429.0193609
2/16/2025 22:00,406.7490127
2/16/2025 23:00,383.4603067
2/17/2025 0:00,442.6049679
2/17/2025 1:00,403.1365581
2/17/2025 2:00,389.6456629
2/17/2025 3:00,436.3766467
2/17/2025 4:00,438.3204934
2/17/2025 5:00,424.272644
2/17/2025 6:00,368.458849
2/17/2025 7:00,395.0372769
2/17/2025 8:00,464.5844972
2/17/2025 9:00,428.0437814
2/17/2025 10:00,423.8253203
2/17/2025 11:00,426.7824376
2/17/2025 12:00,407.3022724
2/17/2025 13:00,419.713538
2/17/2025 14:00,402.5763743
2/17/2025 15:00,463.4912579
2/17/2025 16:00,425.3167755
2/17/2025 17:00,455.9323616
2/17/2025 18:00,437.7191523
2/17/2025 19:00,475.1444006
2/17/2025 20:00,486.2506105
2/17/2025 21:00,455.095277
2/17/2025 22:00,442.3769918
2/17/2025 23:00,474.7675711
2/18/2025 0:00,448.8295015
2/18/2025 1:00,407.6554965
2/18/2025 2:00,428.2315329
2/18/2025 3:00,450.3701328
2/18/2025 4:00,509.0084318
2/18/2025 5:00,410.6867986
2/18/2025 6:00,471.3897985
2/18/2025 7:00,402.5140222
2/18/2025 8:00,455.8469366
2/18/2025 9:00,456.4645811
2/18/2025 10:00,502.0667632
2/18/2025 11:00,470.2972561
2/18/2025 12:00,485.353947
2/18/2025 13:00,502.5678563
2/18/2025 14:00,473.1343828
2/18/2025 15:00,439.9663378
2/18/2025 16:00,538.6689082
2/18/2025 17:00,532.937941
2/18/2025 18:00,480.0480861
2/18/2025 19:00,542.8806955
2/18/2025 20:00,527.2330404
2/18/2025 21:00,467.7682338
2/18/2025 22:00,521.8856058
2/18/2025 23:00,552.1362432
2/19/2025 0:00,595.9271409
2/19/2025 1:00,541.0110271
2/19/2025 2:00,590.4209532
2/19/2025 3:00,589.7386303
2/19/2025 4:00,507.9449392
2/19/2025 5:00,527.2887714
2/19/2025 6:00,489.610805
2/19/2025 7:00,544.1523756
2/19/2025 8:00,590.0603353
2/19/2025 9:00,616.0771725
2/19/2025 10:00,610.6131085
2/19/2025 11:00,570.02674
2/19/2025 12:00,569.0935702
2/19/2025 13:00,656.8268419
2/19/2025 14:00,635.6582878
2/19/2025 15:00,626.9080719
2/19/2025 16:00,557.4375898
2/19/2025 17:00,633.2128579
2/19/2025 18:00,610.792126
2/19/2025 19:00,587.5067893
2/19/2025 20:00,677.246221
2/19/2025 21:00,628.264691
2/19/2025 22:00,606.6093557
2/19/2025 23:00,618.4942251
2/20/2025 0:00,680.1813152
2/20/2025 1:00,638.2111891
2/20/2025 2:00,587.6870447
2/20/2025 3:00,641.288978
2/20/2025 4:00,617.0724487
2/20/2025 5:00,597.6587211
2/20/2025 6:00,689.480283
2/20/2025 7:00,675.740914
2/20/2025 8:00,678.7803645
2/20/2025 9:00,646.2805812
2/20/2025 10:00,652.3877133
2/20/2025 11:00,653.1950291
2/20/2025 12:00,635.493779
2/20/2025 13:00,637.6391693
2/20/2025 14:00,607.5495706
2/20/2025 15:00,630.9053696
2/20/2025 16:00,619.0776732
2/20/2025 17:00,648.0728748
2/20/2025 18:00,643.1475809
2/20/2025 19:00,640.2661965
2/20/2025 20:00,656.1428822
2/20/2025 21:00,619.4874162
2/20/2025 22:00,718.6214202
2/20/2025 23:00,684.4420119
2/21/2025 0:00,630.1291417
2/21/2025 1:00,640.823339
2/21/2025 2:00,639.5719119
2/21/2025 3:00,683.1323631
2/21/2025 4:00,730.4212058
2/21/2025 5:00,626.2795152
2/21/2025 6:00,643.4945816
2/21/2025 7:00,625.8752565
2/21/2025 8:00,662.501583
2/21/2025 9:00,666.7133763
2/21/2025 10:00,641.2756181
2/21/2025 11:00,628.0560704
2/21/2025 12:00,648.44542
2/21/2025 13:00,655.3497968
2/21/2025 14:00,647.2314731
2/21/2025 15:00,682.1749531
2/21/2025 16:00,590.1573155
2/21/2025 17:00,650.6286372
2/21/2025 18:00,676.2653593
2/21/2025 19:00,642.8354888
2/21/2025 20:00,627.7882876
2/21/2025 21:00,552.0535505
2/21/2025 22:00,650.5567423
2/21/2025 23:00,610.1016563
2/22/2025 0:00,564.5920346
2/22/2025 1:00,563.7950481
2/22/2025 2:00,552.2796368
2/22/2025 3:00,563.600448
2/22/2025 4:00,590.1709421
2/22/2025 5:00,546.1502224
2/22/2025 6:00,554.1274601
2/22/2025 7:00,541.3932751
2/22/2025 8:00,553.6909043
2/22/2025 9:00,532.9725536
2/22/2025 10:00,552.283044
2/22/2025 11:00,561.1121679
2/22/2025 12:00,540.0756045
2/22/2025 13:00,542.0038276
2/22/2025 14:00,534.7612001
2/22/2025 15:00,562.5019191
2/22/2025 16:00,525.769432
2/22/2025 17:00,575.6578194
2/22/2025 18:00,531.2496593
2/22/2025 19:00,480.5064028
2/22/2025 20:00,489.2685283
2/22/2025 21:00,491.8820026
2/22/2025 22:00,466.5162542
2/22/2025 23:00,539.8263774
2/23/2025 0:00,481.2988449
2/23/2025 1:00,536.3396108
2/23/2025 2:00,517.1423403
2/23/2025 3:00,512.5819667
2/23/2025 4:00,469.9034163
2/23/2025 5:00,486.5492605
2/23/2025 6:00,472.7662216
2/23/2025 7:00,477.6345726
2/23/2025 8:00,478.7456947
2/23/2025 9:00,442.8279509
2/23/2025 10:00,485.4011852
2/23/2025 11:00,434.2895386
2/23/2025 12:00,450.5679528
2/23/2025 13:00,433.4579139
2/23/2025 14:00,402.4408817
2/23/2025 15:00,431.1204085
2/23/2025 16:00,408.5802535
2/23/2025 17:00,398.4998635
2/23/2025 18:00,453.0504065
2/23/2025 19:00,440.3878285
2/23/2025 20:00,461.7395469
2/23/2025 21:00,442.4904354
2/23/2025 22:00,427.6917359
2/23/2025 23:00,430.2339525
2/24/2025 0:00,427.2853398
2/24/2025 1:00,399.5998751
2/24/2025 2:00,447.5413597
2/24/2025 3:00,433.6649408
2/24/2025 4:00,397.5041734
2/24/2025 5:00,430.1914582
2/24/2025 6:00,492.1452733
2/24/2025 7:00,397.2531491
2/24/2025 8:00,442.0610363
2/24/2025 9:00,442.7355539
2/24/2025 10:00,411.747625
2/24/2025 11:00,452.1757747
2/24/2025 12:00,455.868785
2/24/2025 13:00,424.6351029
2/24/2025 14:00,432.2299806
2/24/2025 15:00,447.9302934
2/24/2025 16:00,437.6198421
2/24/2025 17:00,418.3545829
2/24/2025 18:00,425.4244101
2/24/2025 19:00,421.4907278
2/24/2025 20:00,463.0733925
2/24/2025 21:00,477.5643976
2/24/2025 22:00,421.7742807
2/24/2025 23:00,458.7538535
2/25/2025 0:00,459.1502032
2/25/2025 1:00,419.7746794
2/25/2025 2:00,456.8320678
2/25/2025 3:00,457.4791168
2/25/2025 4:00,465.7986736
2/25/2025 5:00,457.0675308
2/25/2025 6:00,518.4185365
2/25/2025 7:00,461.0846104
2/25/2025 8:00,429.1682699
2/25/2025 9:00,453.9745514
2/25/2025 10:00,501.6245316
2/25/2025 11:00,518.9530055
2/25/2025 12:00,476.247064
2/25/2025 13:00,509.3624766
2/25/2025 14:00,513.9093731
2/25/2025 15:00,503.3860185
2/25/2025 16:00,527.6296209
2/25/2025 17:00,519.4250549
2/25/2025 18:00,471.7463222
2/25/2025 19:00,530.6966726
2/25/2025 20:00,513.6886951
2/25/2025 21:00,553.3905838
2/25/2025 22:00,589.495412
2/25/2025 23:00,531.9213245
2/26/2025 0:00,556.6945485
2/26/2025 1:00,594.8567925
2/26/2025 2:00,522.9780632
2/26/2025 3:00,544.3110599
2/26/2025 4:00,567.7284029
2/26/2025 5:00,597.140722
2/26/2025 6:00,607.5255996
2/26/2025 7:00,548.2978779
2/26/2025 8:00,595.1497646
2/26/2025 9:00,570.0718441
2/26/2025 10:00,613.8896077
2/26/2025 11:00,576.302111
2/26/2025 12:00,610.9139425
2/26/2025 13:00,575.0512253
2/26/2025 14:00,632.6369915
2/26/2025 15:00,663.1128781
2/26/2025 16:00,622.1078438
2/26/2025 17:00,590.8898262
2/26/2025 18:00,628.7919848
2/26/2025 19:00,670.9146637
2/26/2025 20:00,667.5276626
2/26/2025 21:00,678.8009921
2/26/2025 22:00,674.6903468
2/26/2025 23:00,677.0557223
2/27/2025 0:00,666.331928
2/27/2025 1:00,646.9371217
2/27/2025 2:00,634.510411
2/27/2025 3:00,631.7716691
2/27/2025 4:00,698.671785
2/27/2025 5:00,633.4025053
2/27/2025 6:00,694.8250284
2/27/2025 7:00,709.8254646
2/27/2025 8:00,762.4147166
2/27/2025 9:00,696.2092278
2/27/2025 10:00,748.8496805
2/27/2025 11:00,637.4235977
2/27/2025 12:00,743.475327
2/27/2025 13:00,640.5089885
2/27/2025 14:00,702.8679745
2/27/2025 15:00,660.4480613
2/27/2025 16:00,736.6595792
2/27/2025 17:00,765.3801783
2/27/2025 18:00,656.343888
2/27/2025 19:00,752.4946693
2/27/2025 20:00,666.7312454
2/27/2025 21:00,737.2863836
2/27/2025 22:00,671.0932719
2/27/2025 23:00,719.0425347
2/28/2025 0:00,642.6963163
2/28/2025 1:00,671.9955092
2/28/2025 2:00,627.3473433
2/28/2025 3:00,666.6630791
2/28/2025 4:00,637.6498979
2/28/2025 5:00,711.5754839
2/28/2025 6:00,680.20805
2/28/2025 7:00,690.2876755
2/28/2025 8:00,710.2317859
2/28/2025 9:00,629.3692964
2/28/2025 10:00,678.0506989
2/28/2025 11:00,663.2564105
2/28/2025 12:00,618.0081848
2/28/2025 13:00,644.38698
2/28/2025 14:00,702.5093226
2/28/2025 15:00,604.7089061
2/28/2025 16:00,703.8714406
2/28/2025 17:00,660.0094331
2/28/2025 18:00,600.4935891
2/28/2025 19:00,653.8102879
2/28/2025 20:00,676.8997609
2/28/2025 21:00,653.1187208
2/28/2025 22:00,592.9255418
2/28/2025 23:00,611.3534977
3/1/2025 0:00,641.9902332
3/1/2025 1:00,639.8321472
3/1/2025 2:00,629.5857806
3/1/2025 3:00,649.0868723
3/1/2025 4:00,604.8009242
3/1/2025 5:00,591.8283439
3/1/2025 6:00,584.1764077
3/1/2025 7:00,532.3228052
3/1/2025 8:00,585.8945761
3/1/2025 9:00,629.5688706
3/1/2025 10:00,615.9813227
3/1/2025 11:00,554.2461717
3/1/2025 12:00,556.1711372
3/1/2025 13:00,528.3218822
3/1/2025 14:00,593.5014146
3/1/2025 15:00,583.154423
3/1/2025 16:00,545.6065297
3/1/2025 17:00,504.8464964
3/1/2025 18:00,531.7710355
3/1/2025 19:00,529.2367562
3/1/2025 20:00,486.8919837
3/1/2025 21:00,495.7268486
3/1/2025 22:00,557.1386441
3/1/2025 23:00,498.8265025
3/2/2025 0:00,467.885809
3/2/2025 1:00,536.5725773
3/2/2025 2:00,535.0947541
3/2/2025 3:00,458.1670845
3/2/2025 4:00,517.7010908
3/2/2025 5:00,474.3807872
3/2/2025 6:00,528.0738555
3/2/2025 7:00,484.0407946
3/2/2025 8:00,475.817568
3/2/2025 9:00,464.8975939
3/2/2025 10:00,516.6889669
3/2/2025 11:00,409.494868
3/2/2025 12:00,478.2975969
3/2/2025 13:00,459.6325738
3/2/2025 14:00,460.289492
3/2/2025 15:00,445.534514
3/2/2025 16:00,414.8138122
3/2/2025 17:00,457.2262631
3/2/2025 18:00,411.5827533
3/2/2025 19:00,394.9351321
3/2/2025 20:00,437.1852552
3/2/2025 21:00,427.1702026
3/2/2025 22:00,455.0777904
3/2/2025 23:00,429.5835506
3/3/2025 0:00,415.2955103
3/3/2025 1:00,430.4152249
3/3/2025 2:00,461.9619147
3/3/2025 3:00,409.7442082
3/3/2025 4:00,469.324182
3/3/2025 5:00,454.5591536
3/3/2025 6:00,434.5243451
3/3/2025 7:00,384.1497497
3/3/2025 8:00,396.3057366
3/3/2025 9:00,428.1388457
3/3/2025 10:00,453.5844868
3/3/2025 11:00,431.9743893
3/3/2025 12:00,400.618531
3/3/2025 13:00,426.3167269
3/3/2025 14:00,466.8134349
3/3/2025 15:00,432.4158069
3/3/2025 16:00,442.9037265
3/3/2025 17:00,416.2810682
3/3/2025 18:00,457.3542757
3/3/2025 19:00,391.7264012
3/3/2025 20:00,439.9656639
3/3/2025 21:00,492.5801628
3/3/2025 22:00,456.7543814
3/3/2025 23:00,433.7670819
3/4/2025 0:00,435.9158057
3/4/2025 1:00,476.5813254
3/4/2025 2:00,488.7771126
3/4/2025 3:00,489.5742583
3/4/2025 4:00,480.7754017
3/4/2025 5:00,482.1991842
3/4/2025 6:00,456.9143458
3/4/2025 7:00,504.4576691
3/4/2025 8:00,491.3219795
3/4/2025 9:00,508.940849
3/4/2025 10:00,481.5787867
3/4/2025 11:00,463.1095967
3/4/2025 12:00,487.3789096
3/4/2025 13:00,471.5770322
3/4/2025 14:00,544.5255557
3/4/2025 15:00,554.5125741
3/4/2025 16:00,504.5753131
3/4/2025 17:00,503.4001382
3/4/2025 18:00,506.283079
3/4/2025 19:00,524.7378076
3/4/2025 20:00,486.372149
3/4/2025 21:00,558.7337142
3/4/2025 22:00,546.9793014
3/4/2025 23:00,577.1780702
3/5/2025 0:00,542.9525409
3/5/2025 1:00,626.119015
3/5/2025 2:00,588.3489833
3/5/2025 3:00,569.786035
3/5/2025 4:00,652.699481
3/5/2025 5:00,620.2261967
3/5/2025 6:00,595.5750045
3/5/2025 7:00,597.2494456
3/5/2025 8:00,559.2062487
3/5/2025 9:00,558.239135
3/5/2025 10:00,583.8580829
3/5/2025 11:00,635.3119561
3/5/2025 12:00,632.268165
3/5/2025 13:00,627.2706301
3/5/2025 14:00,660.3879174
3/5/2025 15:00,690.1276542
3/5/2025 16:00,632.6438399
3/5/2025 17:00,733.7497814
3/5/2025 18:00,664.7272122
3/5/2025 19:00,652.7499617
3/5/2025 20:00,669.9311456
3/5/2025 21:00,707.4673905
3/5/2025 22:00,665.6567793
3/5/2025 23:00,693.7949719
3/6/2025 0:00,698.8706399
3/6/2025 1:00,691.0672508
3/6/2025 2:00,724.2388683
3/6/2025 3:00,707.4029427
3/6/2025 4:00,686.1825224
3/6/2025 5:00,751.5221768
3/6/2025 6:00,728.6865513
3/6/2025 7:00,731.6394322
3/6/2025 8:00,722.3757067
3/6/2025 9:00,732.983551
3/6/2025 10:00,693.3073647
3/6/2025 11:00,731.0703415
3/6/2025 12:00,743.1450247
3/6/2025 13:00,711.5969586
3/6/2025 14:00,732.7383637
3/6/2025 15:00,736.1375612
3/6/2025 16:00,744.5232119
3/6/2025 17:00,761.7679803
3/6/2025 18:00,703.0427202
3/6/2025 19:00,701.9930773
3/6/2025 20:00,708.0978507
3/6/2025 21:00,738.8312242
3/6/2025 22:00,765.9432414
3/6/2025 23:00,669.6999133
3/7/2025 0:00,741.7923999
3/7/2025 1:00,720.7485171
3/7/2025 2:00,741.5790301
3/7/2025 3:00,677.6483517
3/7/2025 4:00,703.8990895
3/7/2025 5:00,699.01386
3/7/2025 6:00,698.6966015
3/7/2025 7:00,765.5340938
3/7/2025 8:00,660.4191586
3/7/2025 9:00,698.9354038
3/7/2025 10:00,680.8672865
3/7/2025 11:00,684.749228
3/7/2025 12:00,635.3624323
3/7/2025 13:00,726.2342025
3/7/2025 14:00,732.4118953
3/7/2025 15:00,729.6445761
3/7/2025 16:00,696.2695965
3/7/2025 17:00,715.9018897
3/7/2025 18:00,657.3782549
3/7/2025 19:00,713.7940087
3/7/2025 20:00,685.0928694
3/7/2025 21:00,690.2133388
3/7/2025 22:00,647.0066443
3/7/2025 23:00,619.3041728
3/8/2025 0:00,682.842139
3/8/2025 1:00,636.0848741
3/8/2025 2:00,623.8939005
3/8/2025 3:00,637.9021804
3/8/2025 4:00,689.8085448
3/8/2025 5:00,537.8429537
3/8/2025 6:00,634.3673796
3/8/2025 7:00,653.5577345
3/8/2025 8:00,642.909471
3/8/2025 9:00,635.4938017
3/8/2025 10:00,591.6380903
3/8/2025 11:00,607.86969
3/8/2025 12:00,595.4021491
3/8/2025 13:00,610.4355591
3/8/2025 14:00,567.0544981
3/8/2025 15:00,569.3930127
3/8/2025 16:00,535.2156976
3/8/2025 17:00,552.7897835
3/8/2025 18:00,539.3724495
3/8/2025 19:00,540.074802
3/8/2025 20:00,551.9247796
3/8/2025 21:00,564.9412696
3/8/2025 22:00,536.8208578
3/8/2025 23:00,497.0713906
3/9/2025 0:00,503.3520346
3/9/2025 1:00,484.9421839
3/9/2025 2:00,509.2825645
3/9/2025 3:00,494.615069
3/9/2025 4:00,484.9826552
3/9/2025 5:00,507.1253695
3/9/2025 6:00,491.1739395
3/9/2025 7:00,515.07076
3/9/2025 8:00,454.8659399
3/9/2025 9:00,497.3736009
3/9/2025 10:00,475.5097004
3/9/2025 11:00,479.4307318
3/9/2025 12:00,526.2639434
3/9/2025 13:00,492.2485852
3/9/2025 14:00,447.3876215
3/9/2025 15:00,439.9714401
3/9/2025 16:00,449.5138474
3/9/2025 17:00,439.0465071
3/9/2025 18:00,458.5806646
3/9/2025 19:00,432.3304627
3/9/2025 20:00,469.5802593
3/9/2025 21:00,435.8923107
3/9/2025 22:00,456.1240989
3/9/2025 23:00,482.4671918
3/10/2025 0:00,413.2460621
3/10/2025 1:00,450.5367688
3/10/2025 2:00,421.8097472
3/10/2025 3:00,445.9540269
3/10/2025 4:00,430.0274119
3/10/2025 5:00,427.3022093
3/10/2025 6:00,428.9109638
3/10/2025 7:00,476.6199458
3/10/2025 8:00,397.9800252
3/10/2025 9:00,412.679659
3/10/2025 10:00,438.3122699
3/10/2025 11:00,445.7747639
3/10/2025 12:00,422.660411
3/10/2025 13:00,484.9065995
3/10/2025 14:00,422.3328108
3/10/2025 15:00,411.7606543
3/10/2025 16:00,442.294012
3/10/2025 17:00,448.7658295
3/10/2025 18:00,474.1717341
3/10/2025 19:00,464.3996572
3/10/2025 20:00,480.0490445
3/10/2025 21:00,466.6067889
3/10/2025 22:00,449.0752157
3/10/2025 23:00,464.7260922
3/11/2025 0:00,458.0685022
3/11/2025 1:00,473.9222676
3/11/2025 2:00,454.9090957
3/11/2025 3:00,491.7967848
3/11/2025 4:00,473.3209269
3/11/2025 5:00,501.7482847
3/11/2025 6:00,494.8756478
3/11/2025 7:00,476.6406178
3/11/2025 8:00,497.852277
3/11/2025 9:00,472.4291004
3/11/2025 10:00,479.1536233
3/11/2025 11:00,536.6062095
3/11/2025 12:00,496.9491372
3/11/2025 13:00,472.8326417
3/11/2025 14:00,568.6491017
3/11/2025 15:00,504.8436118
3/11/2025 16:00,553.5371364
3/11/2025 17:00,572.6307944
3/11/2025 18:00,601.3414114
3/11/2025 19:00,610.2098587
3/11/2025 20:00,602.2704555
3/11/2025 21:00,553.6319435
3/11/2025 22:00,569.0539285
3/11/2025 23:00,553.6146776
3/12/2025 0:00,577.4051882
3/12/2025 1:00,604.7726172
3/12/2025 2:00,552.6492394
3/12/2025 3:00,625.0118245
3/12/2025 4:00,550.0348539
3/12/2025 5:00,680.8038956
3/12/2025 6:00,616.8829233
3/12/2025 7:00,566.8209466
3/12/2025 8:00,605.4497837
3/12/2025 9:00,608.1547531
3/12/2025 10:00,665.3783915
3/12/2025 11:00,663.555175
3/12/2025 12:00,658.0179161
3/12/2025 13:00,681.5307221
3/12/2025 14:00,671.941208
3/12/2025 15:00,669.5812611
3/12/2025 16:00,631.9743682
3/12/2025 17:00,665.2665505
3/12/2025 18:00,729.1507996
3/12/2025 19:00,725.0069244
3/12/2025 20:00,697.8433163
3/12/2025 21:00,723.5792758
3/12/2025 22:00,696.8108983
3/12/2025 23:00,717.2540383
3/13/2025 0:00,718.9661405
3/13/2025 1:00,741.4676315
3/13/2025 2:00,722.23701
3/13/2025 3:00,700.4080284
3/13/2025 4:00,754.5091061
3/13/2025 5:00,800.3912108
3/13/2025 6:00,751.5822675
3/13/2025 7:00,647.5145237
3/13/2025 8:00,664.6428415
3/13/2025 9:00,764.8475271
3/13/2025 10:00,729.3493624
3/13/2025 11:00,741.6193245
3/13/2025 12:00,766.0019399
3/13/2025 13:00,781.165313
3/13/2025 14:00,833.213995
3/13/2025 15:00,725.3047473
3/13/2025 16:00,766.1514032
3/13/2025 17:00,707.0304242
3/13/2025 18:00,807.4537836
3/13/2025 19:00,744.7177503
3/13/2025 20:00,771.4846365
3/13/2025 21:00,723.0130884
3/13/2025 22:00,743.9985818
3/13/2025 23:00,739.4402496
3/14/2025 0:00,709.4678284
3/14/2025 1:00,721.7100893
3/14/2025 2:00,816.352998
3/14/2025 3:00,751.7498858
3/14/2025 4:00,725.4272793
3/14/2025 5:00,803.5874186
3/14/2025 6:00,831.4862074
3/14/2025 7:00,770.7116107
3/14/2025 8:00,769.491431
3/14/2025 9:00,730.897151
3/14/2025 10:00,790.6566126
3/14/2025 11:00,692.3128559
3/14/2025 12:00,730.1073177
3/14/2025 13:00,780.2961643
3/14/2025 14:00,754.2078543
3/14/2025 15:00,778.2459557
3/14/2025 16:00,672.7134249
3/14/2025 17:00,685.6463583
3/14/2025 18:00,709.2973118
3/14/2025 19:00,680.9152261
3/14/2025 20:00,761.0515588
3/14/2025 21:00,740.7860921
3/14/2025 22:00,710.339388
3/14/2025 23:00,648.5774331
3/15/2025 0:00,644.6057572
3/15/2025 1:00,683.0050933
3/15/2025 2:00,639.2877554
3/15/2025 3:00,625.2017595
3/15/2025 4:00,646.7216786
3/15/2025 5:00,662.1223629
3/15/2025 6:00,573.9317741
3/15/2025 7:00,657.1329296
3/15/2025 8:00,686.1698931
3/15/2025 9:00,603.8067877
3/15/2025 10:00,600.8133766
3/15/2025 11:00,600.5914477
3/15/2025 12:00,575.6422939
3/15/2025 13:00,613.5178083
3/15/2025 14:00,602.453573
3/15/2025 15:00,625.1092713
3/15/2025 16:00,509.166689
3/15/2025 17:00,530.6644364
3/15/2025 18:00,572.0025426
3/15/2025 19:00,603.3509031
3/15/2025 20:00,544.5783471
3/15/2025 21:00,530.3332466
3/15/2025 22:00,504.4689514
3/15/2025 23:00,526.8466908
3/16/2025 0:00,541.1158045
3/16/2025 1:00,558.2414483
3/16/2025 2:00,548.6169472
3/16/2025 3:00,559.2326852
3/16/2025 4:00,522.3293615
3/16/2025 5:00,513.8325048
3/16/2025 6:00,502.8441434
3/16/2025 7:00,508.5250366
3/16/2025 8:00,483.1176668
3/16/2025 9:00,530.748923
3/16/2025 10:00,462.6999402
3/16/2025 11:00,506.6334408
3/16/2025 12:00,495.1798936
3/16/2025 13:00,449.8627286
3/16/2025 14:00,461.3290924
3/16/2025 15:00,485.9589224
3/16/2025 16:00,460.4437184
3/16/2025 17:00,461.2889217
3/16/2025 18:00,490.0048278
3/16/2025 19:00,453.327049
3/16/2025 20:00,442.0360387
3/16/2025 21:00,423.1170211
3/16/2025 22:00,439.2624775
3/16/2025 23:00,450.9689482
3/17/2025 0:00,431.4658264
3/17/2025 1:00,443.2288929
3/17/2025 2:00,462.6837377
3/17/2025 3:00,441.3242539
3/17/2025 4:00,488.1839317
3/17/2025 5:00,431.6316938
3/17/2025 6:00,433.7169943
3/17/2025 7:00,421.8910365
3/17/2025 8:00,439.1578282
3/17/2025 9:00,434.6864086
3/17/2025 10:00,411.9722166
3/17/2025 11:00,446.6578233
3/17/2025 12:00,497.9369534
3/17/2025 13:00,465.196739
3/17/2025 14:00,460.5645209
3/17/2025 15:00,450.8939984
3/17/2025 16:00,445.6146241
3/17/2025 17:00,404.8071154
3/17/2025 18:00,493.5056181
3/17/2025 19:00,475.8094476
3/17/2025 20:00,477.7727059
3/17/2025 21:00,459.5474968
3/17/2025 22:00,506.4479697
3/17/2025 23:00,511.729574
3/18/2025 0:00,480.517277
3/18/2025 1:00,500.8002981
3/18/2025 2:00,504.0718194
3/18/2025 3:00,525.5939872
3/18/2025 4:00,486.3770605
3/18/2025 5:00,492.9809188
3/18/2025 6:00,554.3054888
3/18/2025 7:00,495.5555932
3/18/2025 8:00,528.1136479
3/18/2025 9:00,529.1699434
3/18/2025 10:00,592.1361538
3/18/2025 11:00,531.8993049
3/18/2025 12:00,548.3176973
3/18/2025 13:00,541.8269767
3/18/2025 14:00,590.1916648
3/18/2025 15:00,567.9622224
3/18/2025 16:00,556.3075262
3/18/2025 17:00,572.8951105
3/18/2025 18:00,571.7935795
3/18/2025 19:00,580.1269284
3/18/2025 20:00,617.3177939
3/18/2025 21:00,615.5420334
3/18/2025 22:00,571.909151
3/18/2025 23:00,608.7727985
3/19/2025 0:00,632.3061831
3/19/2025 1:00,587.8378215
3/19/2025 2:00,650.5241433
3/19/2025 3:00,622.4410911
3/19/2025 4:00,638.5910692
3/19/2025 5:00,616.3408966
3/19/2025 6:00,625.3753463
3/19/2025 7:00,633.1680262
3/19/2025 8:00,619.7681484
3/19/2025 9:00,674.2214528
3/19/2025 10:00,637.0209261
3/19/2025 11:00,664.5898215
3/19/2025 12:00,712.101918
3/19/2025 13:00,693.1586202
3/19/2025 14:00,704.4941035
3/19/2025 15:00,733.6326093
3/19/2025 16:00,732.3644671
3/19/2025 17:00,698.6012894
3/19/2025 18:00,715.0321956
3/19/2025 19:00,733.2116342
3/19/2025 20:00,783.7495288
3/19/2025 21:00,753.5618295
3/19/2025 22:00,745.1092919
3/19/2025 23:00,721.3133449
3/20/2025 0:00,760.5805162
3/20/2025 1:00,729.1169115
3/20/2025 2:00,794.6262609
3/20/2025 3:00,733.4199407
3/20/2025 4:00,759.0978866
3/20/2025 5:00,787.3349163
3/20/2025 6:00,803.8889852
3/20/2025 7:00,811.7707638
3/20/2025 8:00,760.1966557
3/20/2025 9:00,835.6337987
3/20/2025 10:00,810.3822011
3/20/2025 11:00,818.6275582
3/20/2025 12:00,781.8286556
3/20/2025 13:00,803.9232918
3/20/2025 14:00,830.1535723
3/20/2025 15:00,775.8230816
3/20/2025 16:00,857.011104
3/20/2025 17:00,797.0683978
3/20/2025 18:00,873.6834982
3/20/2025 19:00,807.3051649
3/20/2025 20:00,750.6547706
3/20/2025 21:00,850.8475905
3/20/2025 22:00,757.8973125
3/20/2025 23:00,786.630938
3/21/2025 0:00,817.4307447
3/21/2025 1:00,703.3537265
3/21/2025 2:00,825.0114262
3/21/2025 3:00,759.5654819
3/21/2025 4:00,797.3562604
3/21/2025 5:00,797.0997876
3/21/2025 6:00,763.4738632
3/21/2025 7:00,787.797703
3/21/2025 8:00,757.5736277
3/21/2025 9:00,751.1322188
3/21/2025 10:00,647.2945979
3/21/2025 11:00,776.8686546
3/21/2025 12:00,790.5799859
3/21/2025 13:00,800.4105969
3/21/2025 14:00,800.5791077
3/21/2025 15:00,818.9453407
3/21/2025 16:00,697.1176901
3/21/2025 17:00,703.4903488
3/21/2025 18:00,774.027854
3/21/2025 19:00,732.0144164
3/21/2025 20:00,708.5614622
3/21/2025 21:00,713.2623934
3/21/2025 22:00,672.1593194
3/21/2025 23:00,683.3649092
3/22/2025 0:00,715.0491731
3/22/2025 1:00,711.3513697
3/22/2025 2:00,743.6633691
3/22/2025 3:00,675.3661247
3/22/2025 4:00,673.8853198
3/22/2025 5:00,677.0443196
3/22/2025 6:00,620.367693
3/22/2025 7:00,702.4022805
3/22/2025 8:00,701.2807966
3/22/2025 9:00,624.9231244
3/22/2025 10:00,616.5893706
3/22/2025 11:00,660.3554224
3/22/2025 12:00,581.1009531
3/22/2025 13:00,614.7545725
3/22/2025 14:00,574.7150297
3/22/2025 15:00,583.409672
3/22/2025 16:00,650.2186214
3/22/2025 17:00,547.0281678
3/22/2025 18:00,565.4428396
3/22/2025 19:00,524.1950508
3/22/2025 20:00,578.7714816
3/22/2025 21:00,613.3209475
3/22/2025 22:00,574.8906085
3/22/2025 23:00,555.2855908
3/23/2025 0:00,565.9485987
3/23/2025 1:00,502.1480342
3/23/2025 2:00,527.3434019
3/23/2025 3:00,507.6924048
3/23/2025 4:00,520.3831318
3/23/2025 5:00,531.8395066
3/23/2025 6:00,485.5060601
3/23/2025 7:00,532.7600146
3/23/2025 8:00,486.9654277
3/23/2025 9:00,513.9216803
3/23/2025 10:00,503.2455332
3/23/2025 11:00,505.6571815
3/23/2025 12:00,490.4683485
3/23/2025 13:00,492.4264866
3/23/2025 14:00,487.8556926
3/23/2025 15:00,476.4377575
3/23/2025 16:00,486.5348217
3/23/2025 17:00,479.8512066
3/23/2025 18:00,429.7221712
3/23/2025 19:00,476.8600542
3/23/2025 20:00,494.4860757
3/23/2025 21:00,446.0746172
3/23/2025 22:00,450.714115
3/23/2025 23:00,458.052761
3/24/2025 0:00,452.8508864
3/24/2025 1:00,453.7906418
3/24/2025 2:00,436.7710615
3/24/2025 3:00,449.9597567
3/24/2025 4:00,444.0647746
3/24/2025 5:00,442.1905466
3/24/2025 6:00,452.8542301
3/24/2025 7:00,465.3637716
3/24/2025 8:00,459.2766946
3/24/2025 9:00,470.2423924
3/24/2025 10:00,430.5722086
3/24/2025 11:00,446.1961753
3/24/2025 12:00,439.0041025
3/24/2025 13:00,484.7706699
3/24/2025 14:00,434.0567199
3/24/2025 15:00,449.4574846
3/24/2025 16:00,458.2133791
3/24/2025 17:00,433.1246044
3/24/2025 18:00,465.76865
3/24/2025 19:00,442.0530964
3/24/2025 20:00,467.2054779
3/24/2025 21:00,478.7267651
3/24/2025 22:00,432.7904392
3/24/2025 23:00,470.7661065
3/25/2025 0:00,517.535991
3/25/2025 1:00,446.3515083
3/25/2025 2:00,465.0576223
3/25/2025 3:00,517.146126
3/25/2025 4:00,518.748634
3/25/2025 5:00,517.6109379
3/25/2025 6:00,587.4608416
3/25/2025 7:00,520.1867206
3/25/2025 8:00,515.8189103
3/25/2025 9:00,500.3085948
3/25/2025 10:00,516.1271358
3/25/2025 11:00,575.0216917
3/25/2025 12:00,561.8850446
3/25/2025 13:00,557.3246123
3/25/2025 14:00,567.9791021
3/25/2025 15:00,574.0911323
3/25/2025 16:00,613.109276
3/25/2025 17:00,619.5842186
3/25/2025 18:00,625.39533
3/25/2025 19:00,622.0090028
3/25/2025 20:00,655.0203565
3/25/2025 21:00,663.7584285
3/25/2025 22:00,650.3043472
3/25/2025 23:00,566.9968645
3/26/2025 0:00,574.5418962
3/26/2025 1:00,629.2893668
3/26/2025 2:00,614.2928989
3/26/2025 3:00,649.152586
3/26/2025 4:00,617.4563634
3/26/2025 5:00,651.8564477
3/26/2025 6:00,696.4775828
3/26/2025 7:00,654.836999
3/26/2025 8:00,733.5567531
3/26/2025 9:00,619.4616825
3/26/2025 10:00,688.5059757
3/26/2025 11:00,774.9621267
3/26/2025 12:00,704.0047619
3/26/2025 13:00,754.5433533
3/26/2025 14:00,731.2320805
3/26/2025 15:00,751.7481272
3/26/2025 16:00,809.1900475
3/26/2025 17:00,768.1967651
3/26/2025 18:00,777.94682
3/26/2025 19:00,782.5317695
3/26/2025 20:00,744.7569993
3/26/2025 21:00,785.6958038
3/26/2025 22:00,809.2526131
3/26/2025 23:00,773.029253
3/27/2025 0:00,777.2303524
3/27/2025 1:00,796.1588797
3/27/2025 2:00,825.1010589
3/27/2025 3:00,784.1231147
3/27/2025 4:00,847.6368817
3/27/2025 5:00,766.7969239
3/27/2025 6:00,806.8285815
3/27/2025 7:00,899.7466892
3/27/2025 8:00,807.9291085
3/27/2025 9:00,786.3775481
3/27/2025 10:00,818.2160848
3/27/2025 11:00,825.0118739
3/27/2025 12:00,785.5643286
3/27/2025 13:00,916.9281465
3/27/2025 14:00,867.1569175
3/27/2025 15:00,837.9339179
3/27/2025 16:00,800.8775109
3/27/2025 17:00,796.2582542
3/27/2025 18:00,834.1950085
3/27/2025 19:00,892.4599446
3/27/2025 20:00,833.017042
3/27/2025 21:00,871.5108904
3/27/2025 22:00,873.6390929
3/27/2025 23:00,797.5675887
3/28/2025 0:00,795.1087087
3/28/2025 1:00,788.4955342
3/28/2025 2:00,783.2826645
3/28/2025 3:00,839.962725
3/28/2025 4:00,785.2071442
3/28/2025 5:00,842.3544118
3/28/2025 6:00,783.8948157
3/28/2025 7:00,811.2794214
3/28/2025 8:00,852.478916
3/28/2025 9:00,845.0237836
3/28/2025 10:00,822.4895453
3/28/2025 11:00,742.0966428
3/28/2025 12:00,805.5654904
3/28/2025 13:00,754.6640044
3/28/2025 14:00,762.8269176
3/28/2025 15:00,749.2124736
3/28/2025 16:00,735.2624572
3/28/2025 17:00,759.3941852
3/28/2025 18:00,783.6743253
3/28/2025 19:00,784.28229
3/28/2025 20:00,767.6545116
3/28/2025 21:00,830.3824565
3/28/2025 22:00,780.0957514
3/28/2025 23:00,718.3240689
3/29/2025 0:00,763.7917454
3/29/2025 1:00,719.8351613
3/29/2025 2:00,721.333359
3/29/2025 3:00,640.2704786
3/29/2025 4:00,690.7891217
3/29/2025 5:00,772.4905664
3/29/2025 6:00,701.5014108
3/29/2025 7:00,740.1766456
3/29/2025 8:00,704.6960501
3/29/2025 9:00,640.5442614
3/29/2025 10:00,677.6189653
3/29/2025 11:00,679.8957459
3/29/2025 12:00,629.8995573
3/29/2025 13:00,717.2915855
3/29/2025 14:00,600.816544
3/29/2025 15:00,607.737476
3/29/2025 16:00,616.0281368
3/29/2025 17:00,591.3627732
3/29/2025 18:00,571.6381261
3/29/2025 19:00,640.6553543
3/29/2025 20:00,627.3847053
3/29/2025 21:00,550.8204288
3/29/2025 22:00,581.0015698
3/29/2025 23:00,575.3520737
3/30/2025 0:00,561.0284467
3/30/2025 1:00,555.2360094
3/30/2025 2:00,576.8788024
3/30/2025 3:00,559.2444114
3/30/2025 4:00,567.6431309
3/30/2025 5:00,562.1785513
3/30/2025 6:00,541.8034275
3/30/2025 7:00,542.6472581
3/30/2025 8:00,524.9165972
3/30/2025 9:00,541.7935695
3/30/2025 10:00,477.2982267
3/30/2025 11:00,534.3358795
3/30/2025 12:00,486.32999
3/30/2025 13:00,492.2473439
3/30/2025 14:00,510.8821419
3/30/2025 15:00,480.8107695
3/30/2025 16:00,514.9764284
3/30/2025 17:00,489.1398919
3/30/2025 18:00,460.6477344
3/30/2025 19:00,487.1464492
3/30/2025 20:00,440.5402909
3/30/2025 21:00,469.6114645
3/30/2025 22:00,444.1856477
3/30/2025 23:00,503.2802644
3/31/2025 0:00,443.5709952
3/31/2025 1:00,448.4913914
3/31/2025 2:00,479.7322625
3/31/2025 3:00,445.3088894
3/31/2025 4:00,413.5280403
3/31/2025 5:00,501.5138863
3/31/2025 6:00,466.4461769
3/31/2025 7:00,466.3009994
3/31/2025 8:00,443.952066
3/31/2025 9:00,439.8239995
3/31/2025 10:00,483.0638327
3/31/2025 11:00,485.9872338
3/31/2025 12:00,465.391208
3/31/2025 13:00,470.6482297
3/31/2025 14:00,483.5600164
3/31/2025 15:00,469.44511
3/31/2025 16:00,474.2939206
3/31/2025 17:00,445.0685616
3/31/2025 18:00,467.6211952
3/31/2025 19:00,511.2745318
3/31/2025 20:00,494.6986231
3/31/2025 21:00,508.1091921
3/31/2025 22:00,506.9447136
3/31/2025 23:00,509.0408705
4/1/2025 0:00,536.9671074
4/1/2025 1:00,520.2025188
4/1/2025 2:00,514.2920288
4/1/2025 3:00,575.2937598
4/1/2025 4:00,580.5832541
4/1/2025 5:00,547.0961377
4/1/2025 6:00,510.4309977
4/1/2025 7:00,545.7191877
4/1/2025 8:00,549.8645822
4/1/2025 9:00,522.3064644
4/1/2025 10:00,557.1883004
4/1/2025 11:00,558.7135158
4/1/2025 12:00,560.2097657
4/1/2025 13:00,597.8008767
4/1/2025 14:00,590.8941409
4/1/2025 15:00,577.7507216
4/1/2025 16:00,571.7225796
4/1/2025 17:00,571.603753
4/1/2025 18:00,599.9705813
4/1/2025 19:00,591.9262659
4/1/2025 20:00,634.4384295
4/1/2025 21:00,663.9589167
4/1/2025 22:00,630.4495083
4/1/2025 23:00,635.403715
4/2/2025 0:00,640.9670254
4/2/2025 1:00,766.6595481
4/2/2025 2:00,615.5660824
4/2/2025 3:00,746.2710373
4/2/2025 4:00,692.2261246
4/2/2025 5:00,654.853364
4/2/2025 6:00,690.4489475
4/2/2025 7:00,686.2568129
4/2/2025 8:00,721.0610238
4/2/2025 9:00,701.3953046
4/2/2025 10:00,707.5807812
4/2/2025 11:00,773.6400906
4/2/2025 12:00,752.1110672
4/2/2025 13:00,742.3511518
4/2/2025 14:00,712.1299284
4/2/2025 15:00,781.9130367
4/2/2025 16:00,716.6007344
4/2/2025 17:00,766.3438326
4/2/2025 18:00,769.9740179
4/2/2025 19:00,802.5093855
4/2/2025 20:00,732.5396819
4/2/2025 21:00,833.3002822
4/2/2025 22:00,808.9907497
4/2/2025 23:00,835.379909
4/3/2025 0:00,882.8554914
4/3/2025 1:00,890.4870503
4/3/2025 2:00,868.0868613
4/3/2025 3:00,822.8976243
4/3/2025 4:00,803.8127384
4/3/2025 5:00,825.60454
4/3/2025 6:00,868.2845045
4/3/2025 7:00,876.1845037
4/3/2025 8:00,815.9723173
4/3/2025 9:00,861.8085316
4/3/2025 10:00,783.6771594
4/3/2025 11:00,882.568806
4/3/2025 12:00,845.9318385
4/3/2025 13:00,913.3496596
4/3/2025 14:00,889.5812026
4/3/2025 15:00,852.4213282
4/3/2025 16:00,863.5832122
4/3/2025 17:00,853.9843909
4/3/2025 18:00,874.7359304
4/3/2025 19:00,950.7943967
4/3/2025 20:00,947.7813287
4/3/2025 21:00,851.5777473
4/3/2025 22:00,840.0226168
4/3/2025 23:00,845.1951744
4/4/2025 0:00,918.9132388
4/4/2025 1:00,863.1200369
4/4/2025 2:00,865.7827403
4/4/2025 3:00,838.9021053
4/4/2025 4:00,901.653085
4/4/2025 5:00,840.7390053
4/4/2025 6:00,821.7754986
4/4/2025 7:00,918.7407042
4/4/2025 8:00,864.2122039
4/4/2025 9:00,824.1320746
4/4/2025 10:00,849.2939485
4/4/2025 11:00,810.2006424
4/4/2025 12:00,780.8589718
4/4/2025 13:00,792.9315228
4/4/2025 14:00,834.0547423
4/4/2025 15:00,787.1202358
4/4/2025 16:00,786.1477614
4/4/2025 17:00,803.6965301
4/4/2025 18:00,851.8802434
4/4/2025 19:00,825.0059098
4/4/2025 20:00,790.6625981
4/4/2025 21:00,695.8228076
4/4/2025 22:00,748.2121987
4/4/2025 23:00,791.0406057
4/5/2025 0:00,740.0124
4/5/2025 1:00,762.9120844
4/5/2025 2:00,722.4923736
4/5/2025 3:00,692.3555744
4/5/2025 4:00,749.5530216
4/5/2025 5:00,799.8596181
4/5/2025 6:00,708.1778186
4/5/2025 7:00,809.9028524
4/5/2025 8:00,743.771726
4/5/2025 9:00,691.1377548
4/5/2025 10:00,664.3964042
4/5/2025 11:00,723.3889158
4/5/2025 12:00,688.4742971
4/5/2025 13:00,669.8541311
4/5/2025 14:00,612.0063092
4/5/2025 15:00,594.1066109
4/5/2025 16:00,633.2864009
4/5/2025 17:00,577.1896881
4/5/2025 18:00,612.604199
4/5/2025 19:00,568.7543982
4/5/2025 20:00,665.6060288
4/5/2025 21:00,573.6157256
4/5/2025 22:00,587.4924835
4/5/2025 23:00,594.1759061
4/6/2025 0:00,596.6932428
4/6/2025 1:00,610.9259111
4/6/2025 2:00,578.2706508
4/6/2025 3:00,482.4868899
4/6/2025 4:00,558.6402705
4/6/2025 5:00,555.3018005
4/6/2025 6:00,523.938598
4/6/2025 7:00,509.7461827
4/6/2025 8:00,558.2049446
4/6/2025 9:00,538.1022689
4/6/2025 10:00,532.0490778
4/6/2025 11:00,505.5314543
4/6/2025 12:00,506.2348777
4/6/2025 13:00,507.5006785
4/6/2025 14:00,519.4219853
4/6/2025 15:00,496.8307279
4/6/2025 16:00,469.1933093
4/6/2025 17:00,511.6916033
4/6/2025 18:00,521.5972445
4/6/2025 19:00,466.2834136
4/6/2025 20:00,533.2885749
4/6/2025 21:00,455.8778968
4/6/2025 22:00,457.8677259
4/6/2025 23:00,483.5210614
4/7/2025 0:00,498.2792426
4/7/2025 1:00,512.3690644
4/7/2025 2:00,458.6234464
4/7/2025 3:00,450.6462982
4/7/2025 4:00,474.172212
4/7/2025 5:00,434.424738
4/7/2025 6:00,482.7832401
4/7/2025 7:00,458.3738567
4/7/2025 8:00,465.4741962
4/7/2025 9:00,441.2557563
4/7/2025 10:00,478.2964345
4/7/2025 11:00,436.002995
4/7/2025 12:00,430.8514556
4/7/2025 13:00,476.2438787
4/7/2025 14:00,494.8220002
4/7/2025 15:00,503.9725641
4/7/2025 16:00,477.0964558
4/7/2025 17:00,487.8781064
4/7/2025 18:00,512.2359651
4/7/2025 19:00,483.3230812
4/7/2025 20:00,466.7554751
4/7/2025 21:00,471.0893119
4/7/2025 22:00,508.70801
4/7/2025 23:00,501.8194716
4/8/2025 0:00,546.6319535
4/8/2025 1:00,536.3311246
4/8/2025 2:00,521.1920017
4/8/2025 3:00,524.0558842
4/8/2025 4:00,496.4517186
4/8/2025 5:00,543.8986322
4/8/2025 6:00,573.7854314
4/8/2025 7:00,600.2714378
4/8/2025 8:00,537.0099848
4/8/2025 9:00,604.3693351
4/8/2025 10:00,583.0117836
4/8/2025 11:00,597.7619072
4/8/2025 12:00,624.9488578
4/8/2025 13:00,663.3802442
4/8/2025 14:00,599.8559396
4/8/2025 15:00,583.7719599
4/8/2025 16:00,613.8793024
4/8/2025 17:00,614.9179014
4/8/2025 18:00,602.6410791
4/8/2025 19:00,649.9092894
4/8/2025 20:00,691.6393266
4/8/2025 21:00,646.5236843
4/8/2025 22:00,648.4089833
4/8/2025 23:00,696.2999882
4/9/2025 0:00,721.6342434
4/9/2025 1:00,711.8825475
4/9/2025 2:00,726.0322099
4/9/2025 3:00,692.7826243
4/9/2025 4:00,738.5103576
4/9/2025 5:00,725.7555163
4/9/2025 6:00,701.528256
4/9/2025 7:00,776.7578673
4/9/2025 8:00,766.0470753
4/9/2025 9:00,671.1707811
4/9/2025 10:00,675.7614305
4/9/2025 11:00,831.0641474
4/9/2025 12:00,667.0095838
4/9/2025 13:00,822.0319543
4/9/2025 14:00,784.6640755
4/9/2025 15:00,792.680962
4/9/2025 16:00,795.4521436
4/9/2025 17:00,841.0333823
4/9/2025 18:00,826.5174032
4/9/2025 19:00,826.8607042
4/9/2025 20:00,875.1932016
4/9/2025 21:00,846.2659716
4/9/2025 22:00,806.6966928
4/9/2025 23:00,864.0526279
4/10/2025 0:00,798.7419455
4/10/2025 1:00,910.1839665
4/10/2025 2:00,826.0081436
4/10/2025 3:00,891.8727307
4/10/2025 4:00,853.9808549
4/10/2025 5:00,877.936971
4/10/2025 6:00,921.0236139
4/10/2025 7:00,940.9647386
4/10/2025 8:00,871.4754397
4/10/2025 9:00,877.6372795
4/10/2025 10:00,826.4305198
4/10/2025 11:00,932.3601481
4/10/2025 12:00,912.6474968
4/10/2025 13:00,856.7920159
4/10/2025 14:00,855.2022985
4/10/2025 15:00,881.7029626
4/10/2025 16:00,848.9826425
4/10/2025 17:00,821.658316
4/10/2025 18:00,929.193268
4/10/2025 19:00,887.7316791
4/10/2025 20:00,897.4259938
4/10/2025 21:00,905.1917914
4/10/2025 22:00,876.7626323
4/10/2025 23:00,849.3510317
4/11/2025 0:00,830.6403884
4/11/2025 1:00,894.1919507
4/11/2025 2:00,863.3928957
4/11/2025 3:00,910.8958518
4/11/2025 4:00,873.7647537
4/11/2025 5:00,1001.992982
4/11/2025 6:00,912.9797868
4/11/2025 7:00,917.4008078
4/11/2025 8:00,851.8571625
4/11/2025 9:00,952.7003228
4/11/2025 10:00,846.5097511
4/11/2025 11:00,891.2168366
4/11/2025 12:00,899.432909
4/11/2025 13:00,882.3615026
4/11/2025 14:00,878.6312407
4/11/2025 15:00,780.2183653
4/11/2025 16:00,891.020266
4/11/2025 17:00,832.7720459
4/11/2025 18:00,793.5830878
4/11/2025 19:00,862.0359984
4/11/2025 20:00,787.6210567
4/11/2025 21:00,804.3763911
4/11/2025 22:00,803.3287284
4/11/2025 23:00,845.8365975
4/12/2025 0:00,843.5095222
4/12/2025 1:00,778.6814799
4/12/2025 2:00,770.4720668
4/12/2025 3:00,783.339564
4/12/2025 4:00,729.9236602
4/12/2025 5:00,718.5175545
4/12/2025 6:00,784.2314445
4/12/2025 7:00,745.1648461
4/12/2025 8:00,797.0892411
4/12/2025 9:00,715.4060198
4/12/2025 10:00,671.4164979
4/12/2025 11:00,665.9600227
4/12/2025 12:00,661.7933434
4/12/2025 13:00,671.7976629
4/12/2025 14:00,681.3699416
4/12/2025 15:00,658.3392299
4/12/2025 16:00,640.1298478
4/12/2025 17:00,613.6382859
4/12/2025 18:00,636.4892493
4/12/2025 19:00,631.06358
4/12/2025 20:00,606.3023122
4/12/2025 21:00,562.1403567
4/12/2025 22:00,595.3449794
4/12/2025 23:00,589.904678
4/13/2025 0:00,615.6252661
4/13/2025 1:00,591.7515057
4/13/2025 2:00,605.7615573
4/13/2025 3:00,632.703026
4/13/2025 4:00,586.5600986
4/13/2025 5:00,533.9586387
4/13/2025 6:00,567.7410208
4/13/2025 7:00,559.7459798
4/13/2025 8:00,539.3915586
4/13/2025 9:00,520.4292058
4/13/2025 10:00,579.3872196
4/13/2025 11:00,504.5996221
4/13/2025 12:00,467.227415
4/13/2025 13:00,511.8563409
4/13/2025 14:00,516.0551046
4/13/2025 15:00,506.8358234
4/13/2025 16:00,489.0265147
4/13/2025 17:00,529.4849072
4/13/2025 18:00,556.6948571
4/13/2025 19:00,450.4337739
4/13/2025 20:00,444.1485897
4/13/2025 21:00,485.1065329
4/13/2025 22:00,489.6456807
4/13/2025 23:00,452.5570271
4/14/2025 0:00,489.7872142
4/14/2025 1:00,468.3460449
4/14/2025 2:00,457.5655467
4/14/2025 3:00,467.7121759
4/14/2025 4:00,473.6997008
4/14/2025 5:00,424.9277485
4/14/2025 6:00,483.7711812
4/14/2025 7:00,485.1308516
4/14/2025 8:00,515.9829169
4/14/2025 9:00,468.7529315
4/14/2025 10:00,487.8755223
4/14/2025 11:00,463.913754
4/14/2025 12:00,530.4432111
4/14/2025 13:00,465.8476272
4/14/2025 14:00,449.0418825
4/14/2025 15:00,482.0920236
4/14/2025 16:00,485.6563126
4/14/2025 17:00,461.3027894
4/14/2025 18:00,466.1580774
4/14/2025 19:00,488.5436727
4/14/2025 20:00,495.2909539
4/14/2025 21:00,506.1621285
4/14/2025 22:00,533.9352731
4/14/2025 23:00,481.4477673
4/15/2025 0:00,519.6013992
4/15/2025 1:00,558.9479343
4/15/2025 2:00,522.8487953
4/15/2025 3:00,572.1531918
4/15/2025 4:00,555.8429095
4/15/2025 5:00,564.0781258
4/15/2025 6:00,562.139186
4/15/2025 7:00,597.552497
4/15/2025 8:00,611.1676108
4/15/2025 9:00,565.8676525
4/15/2025 10:00,571.4032719
4/15/2025 11:00,620.3163242
4/15/2025 12:00,574.2452177
4/15/2025 13:00,614.2190423
4/15/2025 14:00,609.395674
4/15/2025 15:00,652.7175711
4/15/2025 16:00,612.1775729
4/15/2025 17:00,593.4327737
4/15/2025 18:00,630.0351449
4/15/2025 19:00,634.5264618
4/15/2025 20:00,708.453558
4/15/2025 21:00,657.8621614
4/15/2025 22:00,698.7767056
4/15/2025 23:00,642.7234986
4/16/2025 0:00,693.8420468
4/16/2025 1:00,746.5818491
4/16/2025 2:00,748.3384247
4/16/2025 3:00,723.6243904
4/16/2025 4:00,778.4802517
4/16/2025 5:00,698.1262156
4/16/2025 6:00,744.0839352
4/16/2025 7:00,779.4553734
4/16/2025 8:00,790.0241527
4/16/2025 9:00,788.0121275
4/16/2025 10:00,748.1931857
4/16/2025 11:00,805.062774
4/16/2025 12:00,822.5404899
4/16/2025 13:00,811.5325738
4/16/2025 14:00,849.9517425
4/16/2025 15:00,882.2216989
4/16/2025 16:00,868.2344835
4/16/2025 17:00,871.9656087
4/16/2025 18:00,897.9977325
4/16/2025 19:00,861.5707539
4/16/2025 20:00,793.1948952
4/16/2025 21:00,791.0485967
4/16/2025 22:00,871.7269449
4/16/2025 23:00,885.1526987
4/17/2025 0:00,931.3248624
4/17/2025 1:00,932.4821353
4/17/2025 2:00,876.9799448
4/17/2025 3:00,899.9390563
4/17/2025 4:00,844.3145496
4/17/2025 5:00,822.7080925
4/17/2025 6:00,905.9514115
4/17/2025 7:00,857.496772
4/17/2025 8:00,879.7755226
4/17/2025 9:00,886.3034662
4/17/2025 10:00,944.8798204
4/17/2025 11:00,901.6787099
4/17/2025 12:00,969.7636125
4/17/2025 13:00,1004.099453
4/17/2025 14:00,872.5103806
4/17/2025 15:00,854.5480392
4/17/2025 16:00,957.1848685
4/17/2025 17:00,961.9031774
4/17/2025 18:00,924.1265359
4/17/2025 19:00,945.2721808
4/17/2025 20:00,967.2879535
4/17/2025 21:00,979.1136948
4/17/2025 22:00,904.4928818
4/17/2025 23:00,964.1555374
4/18/2025 0:00,964.1333671
4/18/2025 1:00,959.9212027
4/18/2025 2:00,896.9083492
4/18/2025 3:00,960.838074
4/18/2025 4:00,891.1710032
4/18/2025 5:00,951.8440428
4/18/2025 6:00,921.564665
4/18/2025 7:00,923.0633852
4/18/2025 8:00,846.247078
4/18/2025 9:00,979.3286296
4/18/2025 10:00,914.0063577
4/18/2025 11:00,863.9413925
4/18/2025 12:00,938.4546376
4/18/2025 13:00,842.3745312
4/18/2025 14:00,938.0579234
4/18/2025 15:00,867.8385512
4/18/2025 16:00,814.8978147
4/18/2025 17:00,864.0101933
4/18/2025 18:00,850.499198
4/18/2025 19:00,769.4434563
4/18/2025 20:00,781.43192
4/18/2025 21:00,814.2361227
4/18/2025 22:00,842.1608048
4/18/2025 23:00,748.3936069
4/19/2025 0:00,835.7032222
4/19/2025 1:00,837.0243842
4/19/2025 2:00,822.1976864
4/19/2025 3:00,732.8507616
4/19/2025 4:00,837.6370773
4/19/2025 5:00,795.0336886
4/19/2025 6:00,741.2633353
4/19/2025 7:00,809.6117092
4/19/2025 8:00,733.2657154
4/19/2025 9:00,817.1551429
4/19/2025 10:00,776.6228803
4/19/2025 11:00,716.0111839
4/19/2025 12:00,695.3132955
4/19/2025 13:00,748.5735846
4/19/2025 14:00,737.2882046
4/19/2025 15:00,688.1962756
4/19/2025 16:00,626.6382293
4/19/2025 17:00,638.6995969
4/19/2025 18:00,685.3529474
4/19/2025 19:00,665.5584034
4/19/2025 20:00,595.3849634
4/19/2025 21:00,620.7609242
4/19/2025 22:00,658.2160508
4/19/2025 23:00,654.1070583
4/20/2025 0:00,626.0530712
4/20/2025 1:00,587.1307917
4/20/2025 2:00,567.1691605
4/20/2025 3:00,599.1226138
4/20/2025 4:00,537.8921044
4/20/2025 5:00,545.747047
4/20/2025 6:00,556.7822074
4/20/2025 7:00,570.6812785
4/20/2025 8:00,591.8595848
4/20/2025 9:00,528.7954514
4/20/2025 10:00,552.6139461
4/20/2025 11:00,526.8594873
4/20/2025 12:00,546.9937761
4/20/2025 13:00,480.2495567
4/20/2025 14:00,566.6137063
4/20/2025 15:00,517.1141947
4/20/2025 16:00,494.1490546
4/20/2025 17:00,486.9810505
4/20/2025 18:00,518.3259368
4/20/2025 19:00,491.5983841
4/20/2025 20:00,464.5722479
4/20/2025 21:00,494.7769088
4/20/2025 22:00,472.6000849
4/20/2025 23:00,463.8199753
4/21/2025 0:00,437.1329694
4/21/2025 1:00,475.5908918
4/21/2025 2:00,438.503301
4/21/2025 3:00,505.999811
4/21/2025 4:00,432.1884621
4/21/2025 5:00,490.9043015
4/21/2025 6:00,470.0629171
4/21/2025 7:00,449.8100214
4/21/2025 8:00,444.7116063
4/21/2025 9:00,465.6747489
4/21/2025 10:00,498.4105364
4/21/2025 11:00,493.0053331
4/21/2025 12:00,480.0149692
4/21/2025 13:00,530.6699986
4/21/2025 14:00,505.0782097
4/21/2025 15:00,487.0030279
4/21/2025 16:00,496.3321472
4/21/2025 17:00,505.0016055
4/21/2025 18:00,489.3523115
4/21/2025 19:00,540.6958486
4/21/2025 20:00,490.4661174
4/21/2025 21:00,539.5023541
4/21/2025 22:00,519.3886847
4/21/2025 23:00,579.7614523
4/22/2025 0:00,516.2933005
4/22/2025 1:00,527.8522866
4/22/2025 2:00,574.4716691
4/22/2025 3:00,515.5435607
4/22/2025 4:00,599.1057164
4/22/2025 5:00,577.0741198
4/22/2025 6:00,600.088499
4/22/2025 7:00,565.6897978
4/22/2025 8:00,564.3332266
4/22/2025 9:00,635.1586238
4/22/2025 10:00,567.3504634
4/22/2025 11:00,574.7897003
4/22/2025 12:00,617.2586393
4/22/2025 13:00,613.7689458
4/22/2025 14:00,701.7433362
4/22/2025 15:00,648.023689
4/22/2025 16:00,652.5999485
4/22/2025 17:00,664.7413847
4/22/2025 18:00,712.2495953
4/22/2025 19:00,635.7021031
4/22/2025 20:00,655.7153898
4/22/2025 21:00,707.0880545
4/22/2025 22:00,777.3976527
4/22/2025 23:00,711.728139
4/23/2025 0:00,847.9494195
4/23/2025 1:00,738.3448116
4/23/2025 2:00,806.7232777
4/23/2025 3:00,782.5091594
4/23/2025 4:00,733.7156548
4/23/2025 5:00,768.4651046
4/23/2025 6:00,833.887556
4/23/2025 7:00,737.4260571
4/23/2025 8:00,825.8446357
4/23/2025 9:00,827.0759304
4/23/2025 10:00,853.8642609
4/23/2025 11:00,861.0493791
4/23/2025 12:00,834.0416443
4/23/2025 13:00,862.045575
4/23/2025 14:00,904.7777843
4/23/2025 15:00,894.4406399
4/23/2025 16:00,965.240102
4/23/2025 17:00,820.0244105
4/23/2025 18:00,924.3522462
4/23/2025 19:00,908.7212007
4/23/2025 20:00,899.1298616
4/23/2025 21:00,860.5610547
4/23/2025 22:00,907.8358873
4/23/2025 23:00,969.9756859
4/24/2025 0:00,949.1817252
4/24/2025 1:00,805.1112146
4/24/2025 2:00,933.8293247
4/24/2025 3:00,960.7270186
4/24/2025 4:00,1004.216904
4/24/2025 5:00,972.8353205
4/24/2025 6:00,887.6036034
4/24/2025 7:00,888.7582232
4/24/2025 8:00,972.3942807
4/24/2025 9:00,969.9546432
4/24/2025 10:00,996.0859225
4/24/2025 11:00,977.9742833
4/24/2025 12:00,1023.316354
4/24/2025 13:00,1079.771736
4/24/2025 14:00,1031.265428
4/24/2025 15:00,1024.576882
4/24/2025 16:00,972.9118577
4/24/2025 17:00,1022.912638
4/24/2025 18:00,1042.215069
4/24/2025 19:00,998.8737412
4/24/2025 20:00,1020.47804
4/24/2025 21:00,957.1454209
4/24/2025 22:00,1024.51811
4/24/2025 23:00,957.0254448
4/25/2025 0:00,1055.351125
4/25/2025 1:00,947.083084
4/25/2025 2:00,959.5609838
4/25/2025 3:00,1049.761768
4/25/2025 4:00,1005.759374
4/25/2025 5:00,1033.372259
4/25/2025 6:00,888.3681108
4/25/2025 7:00,942.5727313
4/25/2025 8:00,884.4022483
4/25/2025 9:00,951.5390047
4/25/2025 10:00,907.0131896
4/25/2025 11:00,1002.915812
4/25/2025 12:00,871.8678038
4/25/2025 13:00,888.071036
4/25/2025 14:00,892.766483
4/25/2025 15:00,896.5425504
4/25/2025 16:00,907.7628124
4/25/2025 17:00,932.7345021
4/25/2025 18:00,967.4831766
4/25/2025 19:00,911.7330427
4/25/2025 20:00,854.5011041
4/25/2025 21:00,885.0387825
4/25/2025 22:00,870.3115666
4/25/2025 23:00,804.932885
4/26/2025 0:00,855.6719805
4/26/2025 1:00,877.0664391
4/26/2025 2:00,859.9413302
4/26/2025 3:00,805.9270527
4/26/2025 4:00,827.1430647
4/26/2025 5:00,762.6005982
4/26/2025 6:00,811.5008433
4/26/2025 7:00,806.0630912
4/26/2025 8:00,804.9961454
4/26/2025 9:00,800.7404167
4/26/2025 10:00,750.999662
4/26/2025 11:00,739.3250928
4/26/2025 12:00,703.2829206
4/26/2025 13:00,701.807275
4/26/2025 14:00,699.106189
4/26/2025 15:00,720.9800546
4/26/2025 16:00,697.9907153
4/26/2025 17:00,764.5703827
4/26/2025 18:00,694.6188054
4/26/2025 19:00,679.5432572
4/26/2025 20:00,732.2081503
4/26/2025 21:00,644.207659
4/26/2025 22:00,727.6587647
4/26/2025 23:00,664.0485596
4/27/2025 0:00,634.6585156
4/27/2025 1:00,599.8341403
4/27/2025 2:00,580.2609059
4/27/2025 3:00,560.7925617
4/27/2025 4:00,551.1571869
4/27/2025 5:00,608.4537642
4/27/2025 6:00,583.9881987
4/27/2025 7:00,594.4788447
4/27/2025 8:00,584.2326686
4/27/2025 9:00,549.1115294
4/27/2025 10:00,551.1379857
4/27/2025 11:00,520.032274
4/27/2025 12:00,546.7987794
4/27/2025 13:00,546.6885354
4/27/2025 14:00,545.295356
4/27/2025 15:00,535.7994836
4/27/2025 16:00,521.4358562
4/27/2025 17:00,523.61007
4/27/2025 18:00,530.7719887
4/27/2025 19:00,530.5659978
4/27/2025 20:00,484.2613309
4/27/2025 21:00,529.4860248
4/27/2025 22:00,491.5064267
4/27/2025 23:00,465.8221583
4/28/2025 0:00,496.6896214
4/28/2025 1:00,484.3441765
4/28/2025 2:00,486.8619705
4/28/2025 3:00,465.577338
4/28/2025 4:00,486.7150462
4/28/2025 5:00,491.8488951
4/28/2025 6:00,430.9241465
4/28/2025 7:00,492.1489065
4/28/2025 8:00,507.8145493
4/28/2025 9:00,522.1392923
4/28/2025 10:00,465.9102603
4/28/2025 11:00,489.0951293
4/28/2025 12:00,457.3146162
4/28/2025 13:00,526.6552552
4/28/2025 14:00,488.8367791
4/28/2025 15:00,503.2529034
4/28/2025 16:00,473.6389621
4/28/2025 17:00,516.2408301
4/28/2025 18:00,497.9708286
4/28/2025 19:00,542.3746823
4/28/2025 20:00,511.0493336
4/28/2025 21:00,494.8336404
4/28/2025 22:00,520.8432905
4/28/2025 23:00,472.7796545
4/29/2025 0:00,489.2622531
4/29/2025 1:00,538.6775881
4/29/2025 2:00,581.9091917
4/29/2025 3:00,564.462352
4/29/2025 4:00,541.4514077
4/29/2025 5:00,578.0596998
4/29/2025 6:00,612.2387052
4/29/2025 7:00,609.74923
4/29/2025 8:00,645.7267494
4/29/2025 9:00,610.9505977
4/29/2025 10:00,628.6494803
4/29/2025 11:00,635.8657232
4/29/2025 12:00,653.3794317
4/29/2025 13:00,615.6665935
4/29/2025 14:00,621.0501828
4/29/2025 15:00,605.9990715
4/29/2025 16:00,688.1170014
4/29/2025 17:00,664.5506752
4/29/2025 18:00,720.0669323
4/29/2025 19:00,638.2353972
4/29/2025 20:00,702.4862272
4/29/2025 21:00,650.9080148
4/29/2025 22:00,767.7189225
4/29/2025 23:00,740.3694555
4/30/2025 0:00,743.2928992
4/30/2025 1:00,765.0500706
4/30/2025 2:00,761.2133443
4/30/2025 3:00,807.9923654
4/30/2025 4:00,709.1052377
4/30/2025 5:00,731.9923006
4/30/2025 6:00,741.6664569
4/30/2025 7:00,861.7462936
4/30/2025 8:00,935.2243084
4/30/2025 9:00,827.9181527
4/30/2025 10:00,863.139813
4/30/2025 11:00,776.3173952
4/30/2025 12:00,885.1674408
4/30/2025 13:00,827.4088621
4/30/2025 14:00,961.8035392
4/30/2025 15:00,864.1842451
4/30/2025 16:00,877.5567207
4/30/2025 17:00,997.8721336
4/30/2025 18:00,862.7969151
4/30/2025 19:00,849.348035
4/30/2025 20:00,938.3828353
4/30/2025 21:00,925.573876
4/30/2025 22:00,956.623282
4/30/2025 23:00,945.2799969
5/1/2025 0:00,1008.336667
5/1/2025 1:00,923.6227715
5/1/2025 2:00,1019.655193
5/1/2025 3:00,1028.219673
5/1/2025 4:00,1071.585023
5/1/2025 5:00,1065.08076
5/1/2025 6:00,984.7186777
5/1/2025 7:00,994.0192172
5/1/2025 8:00,1044.236903
5/1/2025 9:00,1032.884311
5/1/2025 10:00,1060.727943
5/1/2025 11:00,914.1803818
5/1/2025 12:00,1007.49866
5/1/2025 13:00,1024.382281
5/1/2025 14:00,938.4332152
5/1/2025 15:00,1005.601611
5/1/2025 16:00,1089.760688
5/1/2025 17:00,988.8844836
5/1/2025 18:00,993.760693
5/1/2025 19:00,1064.044423
5/1/2025 20:00,1079.737377
5/1/2025 21:00,999.0276879
5/1/2025 22:00,951.7787755
5/1/2025 23:00,962.4209141
5/2/2025 0:00,1006.212437
5/2/2025 1:00,1026.343914
5/2/2025 2:00,956.1191366
5/2/2025 3:00,1021.778247
5/2/2025 4:00,1037.608289
5/2/2025 5:00,986.8585117
5/2/2025 6:00,1008.519047
5/2/2025 7:00,1009.300686
5/2/2025 8:00,1041.292447
5/2/2025 9:00,982.653563
5/2/2025 10:00,1031.628174
5/2/2025 11:00,952.2254106
5/2/2025 12:00,925.8990857
5/2/2025 13:00,1067.092496
5/2/2025 14:00,1013.924166
5/2/2025 15:00,979.2081658
5/2/2025 16:00,943.1538415
5/2/2025 17:00,832.9790311
5/2/2025 18:00,932.0245288
5/2/2025 19:00,882.2640205
5/2/2025 20:00,898.3498726
5/2/2025 21:00,847.593554
5/2/2025 22:00,896.6151672
5/2/2025 23:00,936.4803219
5/3/2025 0:00,833.0687097
5/3/2025 1:00,890.2517585
5/3/2025 2:00,906.396898
5/3/2025 3:00,732.8001618
5/3/2025 4:00,834.4406752
5/3/2025 5:00,878.6003151
5/3/2025 6:00,838.8164739
5/3/2025 7:00,814.3775149
5/3/2025 8:00,780.496854
5/3/2025 9:00,801.9033862
5/3/2025 10:00,769.9272891
5/3/2025 11:00,750.8176277
5/3/2025 12:00,752.5326512
5/3/2025 13:00,730.5698715
5/3/2025 14:00,771.4244987
5/3/2025 15:00,709.3554308
5/3/2025 16:00,705.5401392
5/3/2025 17:00,717.4773744
5/3/2025 18:00,693.9617947
5/3/2025 19:00,642.0978438
5/3/2025 20:00,655.1667709
5/3/2025 21:00,650.581192
5/3/2025 22:00,660.2218032
5/3/2025 23:00,660.7694719
5/4/2025 0:00,643.6767389
5/4/2025 1:00,643.2485215
5/4/2025 2:00,642.7490034
5/4/2025 3:00,634.7002162
5/4/2025 4:00,678.3140227
5/4/2025 5:00,655.0285157
5/4/2025 6:00,599.1835542
5/4/2025 7:00,621.4002872
5/4/2025 8:00,597.0508037
5/4/2025 9:00,568.8626067
5/4/2025 10:00,600.2164965
5/4/2025 11:00,539.2004103
5/4/2025 12:00,598.9717217
5/4/2025 13:00,535.5618589
5/4/2025 14:00,541.3541041
5/4/2025 15:00,543.4824239
5/4/2025 16:00,520.2144821
5/4/2025 17:00,518.5079659
5/4/2025 18:00,508.5940778
5/4/2025 19:00,547.0303307
5/4/2025 20:00,569.4534302
5/4/2025 21:00,542.3536499
5/4/2025 22:00,425.2380789
5/4/2025 23:00,498.6969153
5/5/2025 0:00,508.8200522
5/5/2025 1:00,461.0998311
5/5/2025 2:00,505.77068
5/5/2025 3:00,530.4617245
5/5/2025 4:00,484.5954973
5/5/2025 5:00,482.2591188
5/5/2025 6:00,480.1505902
5/5/2025 7:00,499.5531202
5/5/2025 8:00,492.9705609
5/5/2025 9:00,466.7503376
5/5/2025 10:00,470.507217
5/5/2025 11:00,490.3406959
5/5/2025 12:00,448.399246
5/5/2025 13:00,502.649121
5/5/2025 14:00,494.716939
5/5/2025 15:00,520.2248187
5/5/2025 16:00,567.9454053
5/5/2025 17:00,512.4569011
5/5/2025 18:00,553.3472794
5/5/2025 19:00,540.2515733
5/5/2025 20:00,536.6470996
5/5/2025 21:00,555.5167274
5/5/2025 22:00,534.3135724
5/5/2025 23:00,554.8919093
5/6/2025 0:00,601.3472532
5/6/2025 1:00,558.7404631
5/6/2025 2:00,576.0614082
5/6/2025 3:00,620.2263419
5/6/2025 4:00,629.9028305
5/6/2025 5:00,569.7933689
5/6/2025 6:00,608.1618447
5/6/2025 7:00,609.755035
5/6/2025 8:00,631.9213904
5/6/2025 9:00,646.5650252
5/6/2025 10:00,709.183288
5/6/2025 11:00,654.2064093
5/6/2025 12:00,713.5818217
5/6/2025 13:00,677.1753712
5/6/2025 14:00,613.0185659
5/6/2025 15:00,744.633436
5/6/2025 16:00,692.4999551
5/6/2025 17:00,696.1420694
5/6/2025 18:00,704.4756076
5/6/2025 19:00,756.4223837
5/6/2025 20:00,758.0091756
5/6/2025 21:00,742.9165624
5/6/2025 22:00,710.4341539
5/6/2025 23:00,810.6463204
5/7/2025 0:00,811.8866932
5/7/2025 1:00,903.1954999
5/7/2025 2:00,802.9545843
5/7/2025 3:00,825.6707891
5/7/2025 4:00,846.3917646
5/7/2025 5:00,869.3057237
5/7/2025 6:00,863.8343468
5/7/2025 7:00,873.3058991
5/7/2025 8:00,882.2961042
5/7/2025 9:00,887.5867725
5/7/2025 10:00,822.7157068
5/7/2025 11:00,937.6452237
5/7/2025 12:00,840.8736751
5/7/2025 13:00,965.5780046
5/7/2025 14:00,983.0807596
5/7/2025 15:00,934.7342235
5/7/2025 16:00,1004.147576
5/7/2025 17:00,974.399824
5/7/2025 18:00,966.4448948
5/7/2025 19:00,906.073376
5/7/2025 20:00,987.9909967
5/7/2025 21:00,939.2699219
5/7/2025 22:00,949.1345556
5/7/2025 23:00,1004.812048
5/8/2025 0:00,997.9687107
5/8/2025 1:00,1022.992733
5/8/2025 2:00,1019.48408
5/8/2025 3:00,1016.555342
5/8/2025 4:00,963.6739456
5/8/2025 5:00,1008.247092
5/8/2025 6:00,1048.447416
5/8/2025 7:00,1006.622837
5/8/2025 8:00,1063.311374
5/8/2025 9:00,1043.555168
5/8/2025 10:00,1090.986085
5/8/2025 11:00,1073.807406
5/8/2025 12:00,993.3091459
5/8/2025 13:00,1005.127124
5/8/2025 14:00,1071.001523
5/8/2025 15:00,1124.546751
5/8/2025 16:00,1006.722871
5/8/2025 17:00,946.7610245
5/8/2025 18:00,951.5832109
5/8/2025 19:00,982.6798865
5/8/2025 20:00,1106.014211
5/8/2025 21:00,1057.819846
5/8/2025 22:00,1037.992653
5/8/2025 23:00,1058.538777
5/9/2025 0:00,1097.308579
5/9/2025 1:00,1029.723366
5/9/2025 2:00,975.5162642
5/9/2025 3:00,995.7660974
5/9/2025 4:00,1052.472514
5/9/2025 5:00,1018.603745
5/9/2025 6:00,1045.354406
5/9/2025 7:00,1038.707878
5/9/2025 8:00,1034.79398
5/9/2025 9:00,1088.698041
5/9/2025 10:00,989.8116401
5/9/2025 11:00,1022.637129
5/9/2025 12:00,962.0190664
5/9/2025 13:00,972.0633061
5/9/2025 14:00,997.9926743
5/9/2025 15:00,1016.017188
5/9/2025 16:00,933.7890415
5/9/2025 17:00,946.7278612
5/9/2025 18:00,892.4437223
5/9/2025 19:00,886.0735484
5/9/2025 20:00,881.4908248
5/9/2025 21:00,880.7332847
5/9/2025 22:00,949.2515475
5/9/2025 23:00,918.4424027
5/10/2025 0:00,827.8718829
5/10/2025 1:00,884.0020903
5/10/2025 2:00,852.6127943
5/10/2025 3:00,1014.02066
5/10/2025 4:00,898.0116653
5/10/2025 5:00,814.7205361
5/10/2025 6:00,787.7366962
5/10/2025 7:00,824.0519748
5/10/2025 8:00,787.4356357
5/10/2025 9:00,907.8806267
5/10/2025 10:00,808.9474544
5/10/2025 11:00,864.3912504
5/10/2025 12:00,808.841208
5/10/2025 13:00,762.9496849
5/10/2025 14:00,739.4481856
5/10/2025 15:00,761.9970583
5/10/2025 16:00,806.0499599
5/10/2025 17:00,732.488099
5/10/2025 18:00,738.1032791
5/10/2025 19:00,695.5987108
5/10/2025 20:00,739.9855213
5/10/2025 21:00,704.69177
5/10/2025 22:00,744.8253212
5/10/2025 23:00,744.9126996
5/11/2025 0:00,684.2586105
5/11/2025 1:00,691.2583404
5/11/2025 2:00,573.9230019
5/11/2025 3:00,570.6139711
5/11/2025 4:00,601.6507114
5/11/2025 5:00,623.615828
5/11/2025 6:00,594.0656746
5/11/2025 7:00,619.1867511
5/11/2025 8:00,585.0347493
5/11/2025 9:00,537.0235136
5/11/2025 10:00,531.6156687
5/11/2025 11:00,585.3575332
5/11/2025 12:00,526.9632409
5/11/2025 13:00,564.4511008
5/11/2025 14:00,533.2174518
5/11/2025 15:00,501.2992302
5/11/2025 16:00,559.5581712
5/11/2025 17:00,546.3704846
5/11/2025 18:00,548.742786
5/11/2025 19:00,542.5737107
5/11/2025 20:00,579.8471172
5/11/2025 21:00,497.757358
5/11/2025 22:00,473.657034
5/11/2025 23:00,566.2780947
5/12/2025 0:00,473.6884131
5/12/2025 1:00,488.4174843
5/12/2025 2:00,507.3695414
5/12/2025 3:00,525.2486585
5/12/2025 4:00,513.5306588
5/12/2025 5:00,508.7410759
5/12/2025 6:00,486.6448855
5/12/2025 7:00,495.544853
5/12/2025 8:00,494.16447
5/12/2025 9:00,509.9223898
5/12/2025 10:00,491.2868676
5/12/2025 11:00,507.6810906
5/12/2025 12:00,471.6997878
5/12/2025 13:00,498.0707503
5/12/2025 14:00,528.2019364
5/12/2025 15:00,463.5236088
5/12/2025 16:00,550.8217096
5/12/2025 17:00,542.4933445
5/12/2025 18:00,470.8283119
5/12/2025 19:00,557.0559798
5/12/2025 20:00,579.8362763
5/12/2025 21:00,536.7948868
5/12/2025 22:00,530.2042876
5/12/2025 23:00,553.8471052
5/13/2025 0:00,594.2763612
5/13/2025 1:00,525.4276312
5/13/2025 2:00,588.0817155
5/13/2025 3:00,563.3366364
5/13/2025 4:00,585.3696707
5/13/2025 5:00,638.9945025
5/13/2025 6:00,604.9229328
5/13/2025 7:00,549.6742338
5/13/2025 8:00,650.6361551
5/13/2025 9:00,619.479053
5/13/2025 10:00,623.4233675
5/13/2025 11:00,691.1638063
5/13/2025 12:00,673.7587831
5/13/2025 13:00,715.0693341
5/13/2025 14:00,725.920744
5/13/2025 15:00,666.6360244
5/13/2025 16:00,694.0416062
5/13/2025 17:00,715.5087805
5/13/2025 18:00,793.987631
5/13/2025 19:00,782.4584979
5/13/2025 20:00,784.3414362
5/13/2025 21:00,719.6717108
5/13/2025 22:00,732.0144289
5/13/2025 23:00,855.3155976
5/14/2025 0:00,827.862414
5/14/2025 1:00,765.6047514
5/14/2025 2:00,875.1611022
5/14/2025 3:00,808.204038
5/14/2025 4:00,858.2835833
5/14/2025 5:00,823.977376
5/14/2025 6:00,896.2051046
5/14/2025 7:00,857.0014878
5/14/2025 8:00,881.244578
5/14/2025 9:00,872.1550708
5/14/2025 10:00,1005.706537
5/14/2025 11:00,911.2755069
5/14/2025 12:00,913.9655059
5/14/2025 13:00,952.9668079
5/14/2025 14:00,981.2425815
5/14/2025 15:00,881.5053028
5/14/2025 16:00,940.3977935
5/14/2025 17:00,1065.818526
5/14/2025 18:00,1031.991135
5/14/2025 19:00,990.9532596
5/14/2025 20:00,992.9173516
5/14/2025 21:00,980.204997
5/14/2025 22:00,1049.155406
5/14/2025 23:00,1061.911452
5/15/2025 0:00,1111.489719
5/15/2025 1:00,1011.699526
5/15/2025 2:00,994.1594586
5/15/2025 3:00,1040.328995
5/15/2025 4:00,1041.740156
5/15/2025 5:00,1067.797889
5/15/2025 6:00,1071.150857
5/15/2025 7:00,1069.821309
5/15/2025 8:00,1046.72603
5/15/2025 9:00,1085.495472
5/15/2025 10:00,1086.910561
5/15/2025 11:00,1132.274836
5/15/2025 12:00,1068.992301
5/15/2025 13:00,1118.573164
5/15/2025 14:00,1168.147058
5/15/2025 15:00,1060.104917
5/15/2025 16:00,1129.136751
5/15/2025 17:00,1134.192153
5/15/2025 18:00,1149.714344
5/15/2025 19:00,1058.890654
5/15/2025 20:00,1148.159774
5/15/2025 21:00,1099.78352
5/15/2025 22:00,1124.982008
5/15/2025 23:00,1028.180914
5/16/2025 0:00,1256.2929
5/16/2025 1:00,1125.092943
5/16/2025 2:00,1115.743865
5/16/2025 3:00,1117.028353
5/16/2025 4:00,1108.967292
5/16/2025 5:00,1151.393588
5/16/2025 6:00,1169.595098
5/16/2025 7:00,1185.142243
5/16/2025 8:00,1006.160221
5/16/2025 9:00,1038.060518
5/16/2025 10:00,993.9780657
5/16/2025 11:00,1070.90776
5/16/2025 12:00,989.0738182
5/16/2025 13:00,1019.536735
5/16/2025 14:00,1096.393105
5/16/2025 15:00,1037.501027
5/16/2025 16:00,1021.975731
5/16/2025 17:00,1163.11464
5/16/2025 18:00,993.414408
5/16/2025 19:00,935.0635983
5/16/2025 20:00,1047.398929
5/16/2025 21:00,962.1744652
5/16/2025 22:00,941.2065738
5/16/2025 23:00,902.7305818
5/17/2025 0:00,971.4864952
5/17/2025 1:00,1047.95075
5/17/2025 2:00,968.3073802
5/17/2025 3:00,874.6166369
5/17/2025 4:00,840.0906143
5/17/2025 5:00,912.5121462
5/17/2025 6:00,896.6533101
5/17/2025 7:00,798.5357454
5/17/2025 8:00,805.9747272
5/17/2025 9:00,812.3783087
5/17/2025 10:00,852.2116811
5/17/2025 11:00,940.2315788
5/17/2025 12:00,767.1200418
5/17/2025 13:00,726.888513
5/17/2025 14:00,777.7211448
5/17/2025 15:00,756.3228193
5/17/2025 16:00,750.9904505
5/17/2025 17:00,783.2161977
5/17/2025 18:00,754.0108231
5/17/2025 19:00,684.2418589
5/17/2025 20:00,688.4219738
5/17/2025 21:00,699.8118302
5/17/2025 22:00,691.2674853
5/17/2025 23:00,705.4212477
5/18/2025 0:00,635.221497
5/18/2025 1:00,668.835737
5/18/2025 2:00,694.6808962
5/18/2025 3:00,664.95917
5/18/2025 4:00,640.3569396
5/18/2025 5:00,675.2990426
5/18/2025 6:00,586.1452014
5/18/2025 7:00,629.5577149
5/18/2025 8:00,592.5359325
5/18/2025 9:00,601.1674108
5/18/2025 10:00,614.3805617
5/18/2025 11:00,561.1814381
5/18/2025 12:00,625.5306831
5/18/2025 13:00,523.9057347
5/18/2025 14:00,539.1517243
5/18/2025 15:00,581.1244451
5/18/2025 16:00,519.9492043
5/18/2025 17:00,549.3347558
5/18/2025 18:00,505.2514145
5/18/2025 19:00,542.7804586
5/18/2025 20:00,488.971409
5/18/2025 21:00,463.4034486
5/18/2025 22:00,538.5612555
5/18/2025 23:00,526.2958916
5/19/2025 0:00,509.0274765
5/19/2025 1:00,479.4609095
5/19/2025 2:00,529.0895741
5/19/2025 3:00,549.7169539
5/19/2025 4:00,512.3504101
5/19/2025 5:00,472.0249257
5/19/2025 6:00,519.7376736
5/19/2025 7:00,489.9889825
5/19/2025 8:00,538.682954
5/19/2025 9:00,479.3287836
5/19/2025 10:00,507.9483384
5/19/2025 11:00,505.858711
5/19/2025 12:00,475.349531
5/19/2025 13:00,499.2314501
5/19/2025 14:00,526.2623681
5/19/2025 15:00,501.5360622
5/19/2025 16:00,534.8461593
5/19/2025 17:00,564.9843822
5/19/2025 18:00,502.5698434
5/19/2025 19:00,505.2882159
5/19/2025 20:00,547.0074159
5/19/2025 21:00,547.2356711
5/19/2025 22:00,592.3871831
5/19/2025 23:00,601.1487385
5/20/2025 0:00,573.1979174
5/20/2025 1:00,569.4828041
5/20/2025 2:00,591.2061622
5/20/2025 3:00,654.8790063
5/20/2025 4:00,616.3560599
5/20/2025 5:00,572.1887126
5/20/2025 6:00,617.3358511
5/20/2025 7:00,659.6996451
5/20/2025 8:00,648.380452
5/20/2025 9:00,594.1698792
5/20/2025 10:00,621.9053406
5/20/2025 11:00,724.4111798
5/20/2025 12:00,719.4418351
5/20/2025 13:00,791.6350782
5/20/2025 14:00,676.2817729
5/20/2025 15:00,738.694957
5/20/2025 16:00,734.3585664
5/20/2025 17:00,683.1858959
5/20/2025 18:00,751.2011814
5/20/2025 19:00,766.0818383
5/20/2025 20:00,741.3812582
5/20/2025 21:00,752.8301792
5/20/2025 22:00,750.8703093
5/20/2025 23:00,813.7407999
5/21/2025 0:00,803.1530459
5/21/2025 1:00,878.7529381
5/21/2025 2:00,842.8105157
5/21/2025 3:00,801.2227101
5/21/2025 4:00,930.5829329
5/21/2025 5:00,876.7408312
5/21/2025 6:00,919.0522216
5/21/2025 7:00,915.1125729
5/21/2025 8:00,856.0027711
5/21/2025 9:00,1011.032969
5/21/2025 10:00,955.2194784
5/21/2025 11:00,899.3061775
5/21/2025 12:00,968.2827473
5/21/2025 13:00,933.4862823
5/21/2025 14:00,928.5434099
5/21/2025 15:00,967.0009326
5/21/2025 16:00,1086.437036
5/21/2025 17:00,985.5352442
5/21/2025 18:00,1074.316796
5/21/2025 19:00,1144.434303
5/21/2025 20:00,1098.838482
5/21/2025 21:00,1080.659474
5/21/2025 22:00,1090.075
5/21/2025 23:00,1113.165244
5/22/2025 0:00,1103.734436
5/22/2025 1:00,992.5714587
5/22/2025 2:00,1155.57973
5/22/2025 3:00,1069.88413
5/22/2025 4:00,1190.154355
5/22/2025 5:00,1077.410817
5/22/2025 6:00,1106.880312
5/22/2025 7:00,1103.187991
5/22/2025 8:00,1031.255638
5/22/2025 11:00,1169.364968
5/22/2025 12:00,1124.01279
5/22/2025 13:00,1169.078963
5/22/2025 14:00,1125.443582
5/22/2025 15:00,1077.416566
5/22/2025 16:00,1135.122039
5/22/2025 17:00,1067.832528
5/22/2025 18:00,1158.860902
5/22/2025 19:00,1246.337947
5/22/2025 20:00,1181.554039
5/22/2025 21:00,1110.092558
5/22/2025 22:00,1213.296641
5/23/2025 2:00,1178.564505
5/23/2025 3:00,1046.410966
5/23/2025 4:00,1102.549409
5/23/2025 5:00,1135.52543
5/23/2025 6:00,1196.683124
5/23/2025 7:00,1107.132265
5/23/2025 8:00,1194.369982
5/23/2025 9:00,1070.026859
5/23/2025 10:00,1041.696314
5/23/2025 11:00,1142.406028
5/23/2025 12:00,981.3294435
5/23/2025 13:00,987.7737273
5/23/2025 14:00,1026.325193
5/23/2025 15:00,1034.760767
5/23/2025 16:00,1051.686957
5/23/2025 17:00,1098.988613
5/23/2025 18:00,1002.446227
5/23/2025 19:00,992.5215921
5/23/2025 20:00,1026.300956
5/23/2025 22:00,923.7325923
5/23/2025 23:00,976.689842
5/24/2025 0:00,934.6946395
5/24/2025 1:00,956.9437344
5/24/2025 2:00,999.4632678
5/24/2025 3:00,996.8759628
5/24/2025 4:00,881.255157
5/24/2025 5:00,908.0372573
5/24/2025 6:00,913.0149536
5/24/2025 7:00,921.5834552
5/24/2025 8:00,889.6606096
5/24/2025 9:00,872.1624562
5/24/2025 10:00,929.3146383
5/24/2025 11:00,881.8805262
5/24/2025 12:00,896.0309674
5/24/2025 13:00,894.5879065
5/24/2025 14:00,816.9748168
5/24/2025 15:00,770.9699278
5/24/2025 16:00,894.0901095
5/24/2025 17:00,706.0528624
5/24/2025 18:00,771.5151263
5/24/2025 19:00,686.3683532
5/24/2025 20:00,655.4853916
5/24/2025 21:00,736.978635
5/24/2025 22:00,710.6641596
5/24/2025 23:00,704.1736923
5/25/2025 0:00,649.7510396
5/25/2025 1:00,662.3138216
5/25/2025 2:00,674.8763503
5/25/2025 3:00,643.9452124
5/25/2025 4:00,644.3284073
5/25/2025 5:00,616.3371633
5/25/2025 6:00,630.281093
5/25/2025 7:00,609.9665605
5/25/2025 8:00,586.5651435
5/25/2025 9:00,629.2095075
5/25/2025 10:00,595.0624828
5/25/2025 11:00,592.8284992
5/25/2025 12:00,561.1646839
5/25/2025 13:00,554.7357377
5/25/2025 14:00,552.5005634
5/25/2025 15:00,522.9833473
5/25/2025 16:00,533.6438363
5/25/2025 17:00,539.5041456
5/25/2025 18:00,479.2800705
5/25/2025 19:00,538.9340657
5/25/2025 20:00,497.2589327
5/25/2025 21:00,536.2233768
5/25/2025 22:00,495.4388222
5/25/2025 23:00,535.4996079
5/26/2025 0:00,480.2638492
5/26/2025 1:00,501.8709533
5/26/2025 2:00,498.9995054
5/26/2025 3:00,520.5035299
5/26/2025 4:00,523.1592859
5/26/2025 5:00,490.8559598
5/26/2025 6:00,508.3552053
5/26/2025 7:00,518.6203723
5/26/2025 8:00,477.3077535
5/26/2025 9:00,514.1843565
5/26/2025 10:00,533.0287203
5/26/2025 11:00,504.573473
5/26/2025 12:00,496.3201638
5/26/2025 13:00,513.4124089
5/26/2025 14:00,516.5477723
5/26/2025 15:00,520.7743345
5/26/2025 16:00,515.7957427
5/26/2025 17:00,536.5506831
5/26/2025 18:00,588.4180417
5/26/2025 19:00,618.4885466
5/26/2025 20:00,592.1379855
5/26/2025 21:00,562.3273374
5/26/2025 22:00,542.5234424
5/26/2025 23:00,528.5443326
5/27/2025 0:00,592.212938
5/27/2025 1:00,563.2402292
5/27/2025 2:00,613.0117381
5/27/2025 3:00,587.410779
5/27/2025 4:00,618.5131255
5/27/2025 5:00,635.8768727
5/27/2025 6:00,632.4569491
5/27/2025 7:00,628.0445543
5/27/2025 8:00,611.4390176
5/27/2025 9:00,693.2666332
5/27/2025 10:00,710.7889147
5/27/2025 11:00,650.560224
5/27/2025 12:00,753.2645992
5/27/2025 13:00,669.0832694
5/27/2025 14:00,751.4981725
5/27/2025 15:00,702.9922881
5/27/2025 16:00,725.7377772
5/27/2025 17:00,736.1861219
5/27/2025 18:00,746.8880062
5/27/2025 19:00,731.2377098
5/27/2025 20:00,801.577793
5/27/2025 21:00,830.6656809
5/27/2025 22:00,800.4504184
5/27/2025 23:00,762.546524
5/28/2025 0:00,830.8970439
5/28/2025 1:00,811.3964661
5/28/2025 2:00,879.3215513
5/28/2025 3:00,930.2212357
5/28/2025 4:00,923.7101866
5/28/2025 5:00,839.559283
5/28/2025 6:00,904.3877786
5/28/2025 7:00,1007.290165
5/28/2025 8:00,963.2514657
5/28/2025 9:00,958.1044066
5/28/2025 10:00,991.1291993
5/28/2025 11:00,962.1696628
5/28/2025 12:00,1007.017334
5/28/2025 13:00,1057.336889
5/28/2025 14:00,936.8921364
5/28/2025 15:00,1110.176048
5/28/2025 16:00,1139.754489
5/28/2025 17:00,1000.328302
5/28/2025 18:00,1081.570174
5/28/2025 19:00,1073.576945
5/28/2025 20:00,1045.403539
5/28/2025 21:00,1159.106558
5/28/2025 22:00,1098.794957
5/28/2025 23:00,1034.63267
5/29/2025 0:00,1186.495924
5/29/2025 1:00,1078.424569
5/29/2025 2:00,1157.531266
5/29/2025 3:00,1092.846691
5/29/2025 4:00,1225.086334
5/29/2025 5:00,1123.687565
5/29/2025 6:00,1260.202696
5/29/2025 7:00,1163.844371
5/29/2025 8:00,1227.132454
5/29/2025 9:00,1206.006249
5/29/2025 10:00,1172.200994
5/29/2025 11:00,1205.388542
5/29/2025 12:00,1180.604772
5/29/2025 13:00,1203.856426
5/29/2025 14:00,1243.957629
5/29/2025 15:00,1306.299319
5/29/2025 16:00,1137.329551
5/29/2025 17:00,1229.905889
5/29/2025 18:00,1244.579351
5/29/2025 19:00,1173.149419
5/29/2025 20:00,1256.52595
5/29/2025 21:00,1179.648638
5/29/2025 22:00,1136.929077
5/29/2025 23:00,1145.520893
5/30/2025 0:00,1129.515306
5/30/2025 1:00,1238.629882
5/30/2025 2:00,1216.525581
5/30/2025 3:00,1160.883184
5/30/2025 4:00,1183.080997
5/30/2025 5:00,1184.80643
5/30/2025 6:00,1148.585262
5/30/2025 7:00,1131.532537
5/30/2025 8:00,1138.810811
5/30/2025 9:00,1222.552675
5/30/2025 10:00,1148.616315
5/30/2025 11:00,1129.748998
5/30/2025 12:00,1127.922463
5/30/2025 13:00,1128.951099
5/30/2025 14:00,1137.571731
5/30/2025 15:00,993.8709973
5/30/2025 16:00,1148.23966
5/30/2025 17:00,1029.657697
5/30/2025 18:00,981.8619471
5/30/2025 19:00,1081.494486
5/30/2025 20:00,1045.375082
5/30/2025 21:00,1049.175571
5/30/2025 22:00,1060.335763
5/30/2025 23:00,937.8389791
5/31/2025 0:00,970.6117795
5/31/2025 1:00,1003.389258
5/31/2025 2:00,972.5725967
5/31/2025 3:00,967.4248798
5/31/2025 4:00,1004.943904
5/31/2025 5:00,972.8856247
5/31/2025 6:00,979.1522415
5/31/2025 7:00,956.1450237
5/31/2025 8:00,1000.762063
5/31/2025 9:00,883.8280115
5/31/2025 10:00,926.7637827
5/31/2025 11:00,963.8989486
5/31/2025 12:00,807.0646399
5/31/2025 13:00,885.7026325
5/31/2025 14:00,790.5442164
5/31/2025 15:00,872.6141415
5/31/2025 16:00,806.5475709
5/31/2025 17:00,852.5255882
5/31/2025 18:00,766.7565693
5/31/2025 19:00,838.6880024
5/31/2025 20:00,713.7015097
5/31/2025 21:00,751.251853
5/31/2025 22:00,731.008855
5/31/2025 23:00,760.8317869
6/1/2025 0:00,742.1345604
6/1/2025 1:00,665.9041162
6/1/2025 2:00,715.5203545
6/1/2025 3:00,720.6440646
6/1/2025 4:00,625.4205317
6/1/2025 5:00,661.338477
6/1/2025 6:00,659.576998
6/1/2025 7:00,584.8164393
6/1/2025 8:00,604.3810911
6/1/2025 9:00,560.2288256
6/1/2025 10:00,581.8706391
6/1/2025 11:00,633.1035057
6/1/2025 12:00,606.9001976
6/1/2025 13:00,597.1651899
6/1/2025 14:00,554.363018
6/1/2025 15:00,562.9312711
6/1/2025 16:00,554.8983859
6/1/2025 17:00,555.0790357
6/1/2025 18:00,524.9365483
6/1/2025 19:00,527.8238842
6/1/2025 20:00,546.053182
6/1/2025 21:00,517.0535236
6/1/2025 22:00,494.189575
6/1/2025 23:00,522.5574321
6/2/2025 0:00,523.8244796
6/2/2025 1:00,471.9191346
6/2/2025 2:00,509.27964
6/2/2025 3:00,470.3719524
6/2/2025 4:00,553.9370438
6/2/2025 5:00,512.3549701
6/2/2025 6:00,526.7850166
6/2/2025 7:00,543.9492609
6/2/2025 8:00,532.3801849
6/2/2025 9:00,576.4303117
6/2/2025 10:00,534.3862262
6/2/2025 11:00,490.2441279
6/2/2025 12:00,519.643187
6/2/2025 13:00,532.4261639
6/2/2025 14:00,503.278043
6/2/2025 15:00,527.3707705
6/2/2025 16:00,508.3220035
6/2/2025 17:00,517.9806487
6/2/2025 18:00,559.0128497
6/2/2025 19:00,605.183911
6/2/2025 20:00,543.8018682
6/2/2025 21:00,525.1101696
6/2/2025 22:00,613.1381521
6/2/2025 23:00,608.9873966
6/3/2025 0:00,568.231259
6/3/2025 1:00,573.2800644
6/3/2025 2:00,626.7339176
6/3/2025 3:00,603.9705053
6/3/2025 4:00,617.6935556
6/3/2025 5:00,606.6882741
6/3/2025 6:00,613.2042193
6/3/2025 7:00,614.2854706
6/3/2025 8:00,668.7754091
6/3/2025 9:00,683.0451694
6/3/2025 10:00,689.6646204
6/3/2025 11:00,671.8350742
6/3/2025 12:00,729.0742288
6/3/2025 13:00,775.6611331
6/3/2025 14:00,771.8999939
6/3/2025 15:00,783.22784
6/3/2025 16:00,714.0118607
6/3/2025 17:00,752.8670177
6/3/2025 18:00,797.0587955
6/3/2025 19:00,781.2037197
6/3/2025 20:00,801.1060381
6/3/2025 21:00,824.1463941
6/3/2025 22:00,881.1727424
6/3/2025 23:00,834.7703111
6/4/2025 0:00,864.560554
6/4/2025 1:00,855.5164931
6/4/2025 2:00,901.3762273
6/4/2025 3:00,901.1208989
6/4/2025 4:00,865.4013159
6/4/2025 5:00,958.2220899
6/4/2025 6:00,984.0016979
6/4/2025 7:00,918.4501169
6/4/2025 8:00,946.6432978
6/4/2025 9:00,989.7720392
6/4/2025 10:00,1039.178719
6/4/2025 11:00,1025.292436
6/4/2025 12:00,992.6748359
6/4/2025 13:00,955.4765833
6/4/2025 14:00,1051.218475
6/4/2025 15:00,1148.850967
6/4/2025 16:00,1086.978096
6/4/2025 17:00,1076.61743
6/4/2025 18:00,1035.23218
6/4/2025 19:00,1184.997568
6/4/2025 20:00,1229.191659
6/4/2025 21:00,1017.699696
6/4/2025 22:00,1182.285102
6/4/2025 23:00,1223.387356
6/5/2025 0:00,1123.003714
6/5/2025 1:00,1191.560917
6/5/2025 2:00,1207.501695
6/5/2025 3:00,1213.221184
6/5/2025 4:00,1196.106198
6/5/2025 5:00,1257.076882
6/5/2025 6:00,1215.875414
6/5/2025 7:00,1320.609906
6/5/2025 8:00,1188.614373
6/5/2025 9:00,1281.287001
6/5/2025 10:00,1143.101364
6/5/2025 11:00,1191.884201
6/5/2025 12:00,1125.068634
6/5/2025 13:00,1254.412774
6/5/2025 14:00,1280.108384
6/5/2025 15:00,1277.270467
6/5/2025 16:00,1320.02973
6/5/2025 17:00,1096.595791
6/5/2025 18:00,1198.600116
6/5/2025 19:00,1202.628262
6/5/2025 20:00,1232.400621
6/5/2025 21:00,1300.030781
6/5/2025 22:00,1255.137766
6/5/2025 23:00,1284.65068
6/6/2025 0:00,1218.29676
6/6/2025 1:00,1233.731761
6/6/2025 2:00,1237.529358
6/6/2025 3:00,1339.406161
6/6/2025 4:00,1224.726378
6/6/2025 5:00,1252.048554
6/6/2025 6:00,1179.15647
6/6/2025 7:00,1298.053205
6/6/2025 8:00,1271.802086
6/6/2025 9:00,1061.986657
6/6/2025 10:00,1213.751211
6/6/2025 11:00,1211.844822
6/6/2025 12:00,1265.220112
6/6/2025 13:00,1170.554311
6/6/2025 14:00,1147.049724
6/6/2025 15:00,1172.120837
6/6/2025 16:00,1161.395951
6/6/2025 17:00,1165.922973
6/6/2025 18:00,1142.06404
6/6/2025 19:00,1163.162269
6/6/2025 20:00,1063.151074
6/6/2025 21:00,1184.239825
6/6/2025 22:00,1039.133289
6/6/2025 23:00,1040.691524
6/7/2025 0:00,956.7815572
6/7/2025 1:00,1041.070513
6/7/2025 2:00,1037.66252
6/7/2025 3:00,1007.23289
6/7/2025 4:00,934.6892203
6/7/2025 5:00,901.7053562
6/7/2025 6:00,981.6246323
6/7/2025 7:00,910.0299081
6/7/2025 8:00,822.5771048
6/7/2025 9:00,1046.573369
6/7/2025 10:00,939.7185722
6/7/2025 11:00,809.7174476
6/7/2025 12:00,926.8144609
6/7/2025 13:00,805.3623465
6/7/2025 14:00,888.7977303
6/7/2025 15:00,835.2150827
6/7/2025 16:00,840.7521496
6/7/2025 17:00,809.9229395
6/7/2025 18:00,794.4708565
6/7/2025 19:00,808.3854561
6/7/2025 20:00,729.5331891
6/7/2025 21:00,763.4588133
6/7/2025 22:00,762.4169343
6/7/2025 23:00,700.2088205
6/8/2025 0:00,684.2693522
6/8/2025 1:00,685.5769358
6/8/2025 2:00,708.9355078
6/8/2025 3:00,645.3491969
6/8/2025 4:00,675.3937313
6/8/2025 5:00,658.1486997
6/8/2025 6:00,669.0681597
6/8/2025 7:00,686.6941569
6/8/2025 8:00,665.9618136
6/8/2025 9:00,622.8804566
6/8/2025 10:00,654.7783726
6/8/2025 11:00,624.4503148
6/8/2025 12:00,629.1134693
6/8/2025 13:00,609.6481833
6/8/2025 14:00,512.9471604
6/8/2025 15:00,543.8285864
6/8/2025 16:00,551.4842975
6/8/2025 17:00,542.0636043
6/8/2025 18:00,618.9906967
6/8/2025 19:00,540.0509258
6/8/2025 20:00,518.7844082
6/8/2025 21:00,517.4550701
6/8/2025 22:00,527.1557981
6/8/2025 23:00,505.3210558
6/9/2025 0:00,566.3937366
6/9/2025 1:00,514.8351929
6/9/2025 2:00,473.2583141
6/9/2025 3:00,539.9563342
6/9/2025 4:00,518.7900708
6/9/2025 5:00,505.4054979
6/9/2025 6:00,500.4766167
6/9/2025 7:00,517.372483
6/9/2025 8:00,473.1632227
6/9/2025 9:00,498.5774831
6/9/2025 10:00,546.5086684
6/9/2025 11:00,511.0848201
6/9/2025 12:00,548.3873353
6/9/2025 13:00,584.8417898
6/9/2025 14:00,529.4196836
6/9/2025 15:00,539.6352643
6/9/2025 16:00,567.0200176
6/9/2025 17:00,572.9061151
6/9/2025 18:00,512.0211794
6/9/2025 19:00,507.5356694
6/9/2025 20:00,584.7741028
6/9/2025 21:00,550.8131655
6/9/2025 22:00,574.0645719
6/9/2025 23:00,538.9174218
6/10/2025 0:00,613.6685494
6/10/2025 1:00,612.5541771
6/10/2025 2:00,645.1678687
6/10/2025 3:00,586.1249593
6/10/2025 4:00,638.0259962
6/10/2025 5:00,665.9118383
6/10/2025 6:00,643.4815297
6/10/2025 7:00,646.5030215
6/10/2025 8:00,705.822844
6/10/2025 9:00,733.979461
6/10/2025 10:00,658.4147227
6/10/2025 11:00,726.0173629
6/10/2025 12:00,763.2826344
6/10/2025 13:00,713.0392373
6/10/2025 14:00,771.2405342
6/10/2025 15:00,769.8562605
6/10/2025 16:00,776.9264225
6/10/2025 17:00,788.5388006
6/10/2025 18:00,760.096402
6/10/2025 19:00,811.5607557
6/10/2025 20:00,832.7683122
6/10/2025 21:00,822.6280382
6/10/2025 22:00,932.2266659
6/10/2025 23:00,906.8804436
6/11/2025 0:00,982.6827048
6/11/2025 1:00,929.2329708
6/11/2025 2:00,859.4175844
6/11/2025 3:00,936.2071196
6/11/2025 4:00,969.0819745
6/11/2025 5:00,1061.443194
6/11/2025 6:00,1026.114525
6/11/2025 7:00,1008.556206
6/11/2025 8:00,986.4601055
6/11/2025 9:00,930.013169
6/11/2025 10:00,973.4214197
6/11/2025 11:00,1027.169514
6/11/2025 12:00,1034.678127
6/11/2025 13:00,983.5693171
6/11/2025 14:00,1121.261074
6/11/2025 15:00,1108.509905
6/11/2025 16:00,1201.845502
6/11/2025 17:00,1205.712412
6/11/2025 18:00,1125.6202
6/11/2025 19:00,1033.926106
6/11/2025 20:00,1096.300906
6/11/2025 21:00,1234.908177
6/11/2025 22:00,1243.312391
6/11/2025 23:00,1092.306412
6/12/2025 0:00,1185.786185
6/12/2025 1:00,1148.120196
6/12/2025 2:00,1165.100974
6/12/2025 3:00,1234.818034
6/12/2025 4:00,1271.571264
6/12/2025 5:00,1286.239702
6/12/2025 6:00,1336.859915
6/12/2025 7:00,1253.913336
6/12/2025 8:00,1296.818436
6/12/2025 9:00,1254.172543
6/12/2025 10:00,1261.748077
6/12/2025 11:00,1259.236544
6/12/2025 12:00,1281.118317
6/12/2025 13:00,1224.109385
6/12/2025 14:00,1323.385033
6/12/2025 15:00,1409.689271
6/12/2025 16:00,1227.87668
6/12/2025 17:00,1302.944422
6/12/2025 18:00,1223.681228
6/12/2025 19:00,1282.646891
6/12/2025 20:00,1230.306895
6/12/2025 21:00,1200.725882
6/12/2025 22:00,1282.628125
6/12/2025 23:00,1376.290712
6/13/2025 0:00,1308.576792
6/13/2025 1:00,1244.677948
6/13/2025 2:00,1178.092204
6/13/2025 3:00,1294.957829
6/13/2025 4:00,1286.8217
6/13/2025 5:00,1363.476209
6/13/2025 6:00,1236.454402
6/13/2025 7:00,1193.835874
6/13/2025 8:00,1270.421924
6/13/2025 9:00,1262.219142
6/13/2025 10:00,1298.486776
6/13/2025 11:00,1244.376966
6/13/2025 12:00,1214.030119
6/13/2025 13:00,1187.269308
6/13/2025 14:00,1084.061885
6/13/2025 15:00,1221.912161
6/13/2025 16:00,1113.285523
6/13/2025 17:00,1232.469504
6/13/2025 18:00,1141.976804
6/13/2025 19:00,1139.113908
6/13/2025 20:00,1108.140564
6/13/2025 21:00,1100.07258
6/13/2025 22:00,1141.526533
6/13/2025 23:00,1187.488324
6/14/2025 0:00,1136.140538
6/14/2025 1:00,961.0930616
6/14/2025 2:00,975.2485137
6/14/2025 3:00,1086.995139
6/14/2025 4:00,1021.421353
6/14/2025 5:00,990.7497322
6/14/2025 6:00,977.0586778
6/14/2025 7:00,993.473043
6/14/2025 8:00,967.1192394
6/14/2025 9:00,966.3993578
6/14/2025 10:00,913.9463688
6/14/2025 11:00,911.2877062
6/14/2025 12:00,975.0677838
6/14/2025 13:00,945.5079324
6/14/2025 14:00,846.6994898
6/14/2025 15:00,853.8091305
6/14/2025 16:00,814.8376191
6/14/2025 17:00,918.9393689
6/14/2025 18:00,902.5639318
6/14/2025 19:00,738.6512479
6/14/2025 20:00,799.0957185
6/14/2025 21:00,761.8193216
6/14/2025 22:00,825.109732
6/14/2025 23:00,713.1126528
6/15/2025 0:00,718.8123029
6/15/2025 1:00,770.1377254
6/15/2025 2:00,739.8089941
6/15/2025 3:00,724.9819943
6/15/2025 4:00,736.9186719
6/15/2025 5:00,656.1257752
6/15/2025 6:00,640.3271607
6/15/2025 7:00,720.8236042
6/15/2025 8:00,656.4510162
6/15/2025 9:00,688.3038458
6/15/2025 10:00,652.1600406
6/15/2025 11:00,613.9011343
6/15/2025 12:00,599.1632239
6/15/2025 13:00,600.9967842
6/15/2025 14:00,606.0179674
6/15/2025 15:00,602.8214764
6/15/2025 16:00,551.2518262
6/15/2025 17:00,523.95982
6/15/2025 18:00,550.7021034
6/15/2025 19:00,521.9539665
6/15/2025 20:00,574.8041649
6/15/2025 21:00,515.8135626
6/15/2025 22:00,522.7218086
6/15/2025 23:00,525.1364875
6/16/2025 0:00,554.0435369
6/16/2025 1:00,527.0277026
6/16/2025 2:00,524.2274631
6/16/2025 3:00,522.6095636
6/16/2025 4:00,558.4534473
6/16/2025 5:00,537.5098191
6/16/2025 6:00,545.5087484
6/16/2025 7:00,527.8442613
6/16/2025 8:00,555.464754
6/16/2025 9:00,508.648065
6/16/2025 10:00,497.1059507
6/16/2025 11:00,579.9587115
6/16/2025 12:00,538.5589785
6/16/2025 13:00,510.515636
6/16/2025 14:00,530.0701559
6/16/2025 15:00,568.6355872
6/16/2025 16:00,488.3522474
6/16/2025 17:00,559.5055267
6/16/2025 18:00,528.8613447
6/16/2025 19:00,518.5497422
6/16/2025 20:00,575.9558044
6/16/2025 21:00,602.6095908
6/16/2025 22:00,609.6730495
6/16/2025 23:00,590.4811769
6/17/2025 0:00,605.5169599
6/17/2025 1:00,624.6986587
6/17/2025 2:00,668.3356365
6/17/2025 3:00,652.8426091
6/17/2025 4:00,666.4520714
6/17/2025 5:00,664.7443139
6/17/2025 6:00,643.1241817
6/17/2025 7:00,642.346894
6/17/2025 8:00,826.8898792
6/17/2025 9:00,696.2990012
6/17/2025 10:00,695.3349583
6/17/2025 11:00,741.9932311
6/17/2025 12:00,747.2188246
6/17/2025 13:00,729.2963842
6/17/2025 14:00,747.6145359
6/17/2025 15:00,740.6302868
6/17/2025 16:00,839.5574867
6/17/2025 17:00,803.1204223
6/17/2025 18:00,780.1079778
6/17/2025 19:00,859.2540666
6/17/2025 20:00,953.541805
6/17/2025 21:00,902.6599178
6/17/2025 22:00,935.0471784
6/17/2025 23:00,924.947514
6/18/2025 0:00,945.8535377
6/18/2025 1:00,947.8424224
6/18/2025 2:00,974.3270411
6/18/2025 3:00,1025.083493
6/18/2025 4:00,970.8012405
6/18/2025 5:00,1010.184317
6/18/2025 6:00,1123.93217
6/18/2025 7:00,963.1034401
6/18/2025 8:00,1035.197868
6/18/2025 9:00,1026.959379
6/18/2025 10:00,1087.682739
6/18/2025 11:00,1083.480352
6/18/2025 12:00,1069.080947
6/18/2025 13:00,1127.030525
6/18/2025 14:00,1015.906225
6/18/2025 15:00,1106.517223
6/18/2025 16:00,1136.488275
6/18/2025 17:00,1095.534368
6/18/2025 18:00,1172.834851
6/18/2025 19:00,1160.097249
6/18/2025 20:00,1244.677125
6/18/2025 21:00,1295.613307
6/18/2025 22:00,1256.909651
6/18/2025 23:00,1187.995405
6/19/2025 0:00,1244.362616
6/19/2025 1:00,1208.504733
6/19/2025 2:00,1347.815479
6/19/2025 3:00,1218.748842
6/19/2025 4:00,1318.008057
6/19/2025 5:00,1239.600539
6/19/2025 6:00,1296.363028
6/19/2025 7:00,1283.33285
6/19/2025 8:00,1381.122054
6/19/2025 9:00,1314.763964
6/19/2025 10:00,1277.132439
6/19/2025 11:00,1290.339359
6/19/2025 12:00,1411.108913
6/19/2025 13:00,1481.28413
6/19/2025 14:00,1326.505884
6/19/2025 15:00,1322.321128
6/19/2025 16:00,1357.501474
6/19/2025 17:00,1334.237719
6/19/2025 18:00,1262.498291
6/19/2025 19:00,1278.90601
6/19/2025 20:00,1364.436941
6/19/2025 21:00,1198.937184
6/19/2025 22:00,1372.096538
6/19/2025 23:00,1371.695616
6/20/2025 0:00,1309.874208
6/20/2025 1:00,1202.196805
6/20/2025 2:00,1284.284531
6/20/2025 3:00,1232.35603
6/20/2025 4:00,1329.531117
6/20/2025 5:00,1236.889885
6/20/2025 6:00,1321.781662
6/20/2025 7:00,1372.219868
6/20/2025 8:00,1160.105485
6/20/2025 9:00,1314.893551
6/20/2025 10:00,1214.471529
6/20/2025 11:00,1181.139027
6/20/2025 12:00,1176.76908
6/20/2025 13:00,1244.08959
6/20/2025 14:00,1240.032114
6/20/2025 15:00,1141.559247
6/20/2025 16:00,1330.938058
6/20/2025 17:00,1173.219062
6/20/2025 18:00,1231.867416
6/20/2025 19:00,1142.604692
6/20/2025 20:00,1263.715572
6/20/2025 21:00,1200.667735
6/20/2025 22:00,1093.665101
6/20/2025 23:00,1041.845715
6/21/2025 0:00,1005.992104
6/21/2025 1:00,1095.040952
6/21/2025 2:00,1148.718179
6/21/2025 3:00,1008.145012
6/21/2025 4:00,1067.631804
6/21/2025 5:00,1032.609692
6/21/2025 6:00,1045.987109
6/21/2025 7:00,1081.296559
6/21/2025 8:00,1009.591397
6/21/2025 9:00,967.3206922
6/21/2025 10:00,960.0545737
6/21/2025 11:00,949.9550516
6/21/2025 12:00,916.3648707
6/21/2025 13:00,956.6875912
6/21/2025 14:00,859.4747973
6/21/2025 15:00,926.58977
6/21/2025 16:00,880.0101051
6/21/2025 17:00,836.3155727
6/21/2025 18:00,1000.083114
6/21/2025 19:00,765.5789598
6/21/2025 20:00,768.121065
6/21/2025 21:00,796.9273241
6/21/2025 22:00,744.0891218
6/21/2025 23:00,760.5846119
6/22/2025 0:00,827.9068969
6/22/2025 1:00,700.8880418
6/22/2025 2:00,757.7027593
6/22/2025 3:00,671.3005709
6/22/2025 4:00,675.5310416
6/22/2025 5:00,747.6203997
6/22/2025 6:00,727.2615763
6/22/2025 7:00,662.9894321
6/22/2025 8:00,628.1676185
6/22/2025 9:00,625.7026517
6/22/2025 10:00,625.0437433
6/22/2025 11:00,618.4067605
6/22/2025 12:00,593.4315824
6/22/2025 13:00,669.3577393
6/22/2025 14:00,597.0337176
6/22/2025 15:00,542.5883094
6/22/2025 16:00,551.6636519
6/22/2025 17:00,558.5528384
6/22/2025 18:00,555.4692597
6/22/2025 19:00,510.5217652
6/22/2025 20:00,575.90274
6/22/2025 21:00,577.7066365
6/22/2025 22:00,502.0066179
6/22/2025 23:00,521.630348
6/23/2025 0:00,521.4638399
6/23/2025 1:00,525.0808757
6/23/2025 2:00,517.3932587
6/23/2025 3:00,551.5091563
6/23/2025 4:00,562.0162299
6/23/2025 5:00,537.815925
6/23/2025 6:00,482.9846559
6/23/2025 7:00,534.774682
6/23/2025 8:00,487.8403252
6/23/2025 9:00,524.701715
6/23/2025 10:00,497.5728331
6/23/2025 11:00,490.7214929
6/23/2025 12:00,514.5436236
6/23/2025 13:00,497.3661469
6/23/2025 14:00,562.2817978
6/23/2025 15:00,572.1860074
6/23/2025 16:00,556.8030791
6/23/2025 17:00,573.0221024
6/23/2025 18:00,558.8409728
6/23/2025 19:00,572.3917027
6/23/2025 20:00,551.9477913
6/23/2025 21:00,555.4837691
6/23/2025 22:00,588.3740482
6/23/2025 23:00,621.5784299
6/24/2025 0:00,637.3477751
6/24/2025 1:00,581.3884883
6/24/2025 2:00,627.96971
6/24/2025 3:00,684.7088961
6/24/2025 4:00,614.8226295
6/24/2025 5:00,723.5677203
6/24/2025 6:00,787.2645239
6/24/2025 7:00,685.3948731
6/24/2025 8:00,708.1923809
6/24/2025 9:00,745.7101088
6/24/2025 10:00,692.0358665
6/24/2025 11:00,803.4625697
6/24/2025 12:00,800.1890695
6/24/2025 13:00,742.2572808
6/24/2025 14:00,746.179811
6/24/2025 15:00,816.5728037
6/24/2025 16:00,743.792736
6/24/2025 17:00,902.2745925
6/24/2025 18:00,855.3908813
6/24/2025 19:00,839.0410025
6/24/2025 20:00,843.0111968
6/24/2025 21:00,889.528912
6/24/2025 22:00,895.2956555
6/24/2025 23:00,1019.281805
6/25/2025 0:00,1024.922027
6/25/2025 1:00,1001.726743
6/25/2025 2:00,1016.747745
6/25/2025 3:00,986.4627385
6/25/2025 4:00,993.3839613
6/25/2025 5:00,1072.492884
6/25/2025 6:00,1010.470355
6/25/2025 7:00,1036.039543
6/25/2025 8:00,1157.652706
6/25/2025 9:00,1026.386244
6/25/2025 10:00,1113.763463
6/25/2025 11:00,1075.501337
6/25/2025 12:00,1154.688833
6/25/2025 13:00,1164.366339
6/25/2025 14:00,1109.671491
6/25/2025 15:00,1146.011064
6/25/2025 16:00,1249.49479
6/25/2025 17:00,1111.196264
6/25/2025 18:00,1267.381827
6/25/2025 19:00,1218.146828
6/25/2025 20:00,1345.271137
6/25/2025 21:00,1210.021966
6/25/2025 22:00,1243.873942
6/25/2025 23:00,1266.990619
6/26/2025 0:00,1249.679778
6/26/2025 1:00,1332.221773
6/26/2025 2:00,1246.900605
6/26/2025 3:00,1312.521049
6/26/2025 4:00,1337.886683
6/26/2025 5:00,1354.980044
6/26/2025 6:00,1366.508177
6/26/2025 7:00,1365.961731
6/26/2025 8:00,1291.978557
6/26/2025 9:00,1337.465636
6/26/2025 10:00,1390.308531
6/26/2025 11:00,1454.595558
6/26/2025 12:00,1358.379137
6/26/2025 13:00,1477.972167
6/26/2025 14:00,1375.386191
6/26/2025 15:00,1423.693924
6/26/2025 16:00,1402.523632
6/26/2025 17:00,1421.344158
6/26/2025 18:00,1416.069314
6/26/2025 19:00,1346.547103
6/26/2025 20:00,1537.705596
6/26/2025 21:00,1326.833529
6/26/2025 22:00,1310.840521
6/26/2025 23:00,1301.959299
6/27/2025 0:00,1332.414872
6/27/2025 1:00,1377.736128
6/27/2025 2:00,1399.563867
6/27/2025 3:00,1299.049661
6/27/2025 4:00,1360.266994
6/27/2025 5:00,1296.879906
6/27/2025 6:00,1512.205203
6/27/2025 7:00,1363.277424
6/27/2025 8:00,1277.549548
6/27/2025 9:00,1258.051161
6/27/2025 10:00,1320.644557
6/27/2025 11:00,1286.952085
6/27/2025 12:00,1338.01467
6/27/2025 13:00,1388.194038
6/27/2025 14:00,1295.72402
6/27/2025 15:00,1304.341756
6/27/2025 16:00,1233.62339
6/27/2025 17:00,1165.096868
6/27/2025 18:00,1216.168682
6/27/2025 19:00,1280.480357
6/27/2025 20:00,1214.240594
6/27/2025 21:00,1237.689255
6/27/2025 22:00,1231.66216
6/27/2025 23:00,1120.592847
6/28/2025 0:00,1139.380661
6/28/2025 1:00,1099.552521
6/28/2025 2:00,1057.225867
6/28/2025 3:00,1217.594856
6/28/2025 4:00,1097.99455
6/28/2025 5:00,1237.934898
6/28/2025 6:00,984.4913923
6/28/2025 7:00,1066.373334
6/28/2025 8:00,985.5486883
6/28/2025 9:00,993.7631323
6/28/2025 10:00,979.7513069
6/28/2025 11:00,1005.355662
6/28/2025 12:00,1027.042182
6/28/2025 13:00,904.9233589
6/28/2025 14:00,968.2607739
6/28/2025 15:00,895.3094656
6/28/2025 16:00,892.585553
6/28/2025 17:00,874.0354309
6/28/2025 18:00,921.0121774
6/28/2025 19:00,848.0626866
6/28/2025 20:00,805.5792123
6/28/2025 21:00,858.5461713
6/28/2025 22:00,796.6772413
6/28/2025 23:00,715.270426
6/29/2025 0:00,772.8879056
6/29/2025 1:00,840.1471847
6/29/2025 2:00,650.3536808
6/29/2025 3:00,754.4962588
6/29/2025 4:00,737.8883261
6/29/2025 5:00,720.6685872
6/29/2025 6:00,678.4380603
6/29/2025 7:00,648.2403178
6/29/2025 8:00,660.4465117
6/29/2025 9:00,654.2853807
6/29/2025 10:00,655.980064
6/29/2025 11:00,612.3511277
6/29/2025 12:00,587.9665059
6/29/2025 13:00,637.8755262
6/29/2025 14:00,573.7006257
6/29/2025 15:00,577.8582703
6/29/2025 16:00,584.0366908
6/29/2025 17:00,613.6646593
6/29/2025 18:00,603.344509
6/29/2025 19:00,538.933742
6/29/2025 20:00,561.6476869
6/29/2025 21:00,537.2083525
6/29/2025 22:00,612.6827873
6/29/2025 23:00,548.0643869
6/30/2025 0:00,535.7516115
6/30/2025 1:00,529.7698299
6/30/2025 2:00,534.9537113
6/30/2025 3:00,536.4579085
6/30/2025 4:00,547.7176447
6/30/2025 5:00,551.8956241
6/30/2025 6:00,510.9054442
6/30/2025 7:00,521.0317911
6/30/2025 8:00,495.8042559
6/30/2025 9:00,542.4342673
6/30/2025 10:00,557.4015769
6/30/2025 11:00,549.0881499
6/30/2025 12:00,624.2095897
6/30/2025 13:00,542.7310942
6/30/2025 14:00,515.0697242
6/30/2025 15:00,562.0234363
6/30/2025 16:00,579.8120569
6/30/2025 17:00,540.9302872
6/30/2025 18:00,553.6221877
6/30/2025 19:00,553.8053978
6/30/2025 20:00,579.6587242
6/30/2025 21:00,563.00626
6/30/2025 22:00,647.3990746
6/30/2025 23:00,616.1277727
7/1/2025 0:00,659.964105
7/1/2025 1:00,629.8163445
7/1/2025 2:00,594.1430924
7/1/2025 3:00,657.4606836
7/1/2025 4:00,652.0802607
7/1/2025 5:00,624.6061833
7/1/2025 6:00,668.1400779
7/1/2025 7:00,699.6643898
7/1/2025 8:00,704.9732799
7/1/2025 9:00,671.0785225
7/1/2025 10:00,750.4456839
7/1/2025 11:00,763.1380598
7/1/2025 12:00,770.8062658
7/1/2025 13:00,840.3435069
7/1/2025 14:00,832.8961056
7/1/2025 15:00,860.3755621
7/1/2025 16:00,937.2967946
7/1/2025 17:00,884.8450056
7/1/2025 18:00,880.055737
7/1/2025 19:00,921.1128676
7/1/2025 20:00,880.3994913
7/1/2025 21:00,927.8639883
7/1/2025 22:00,893.099188
7/1/2025 23:00,1032.173279
7/2/2025 0:00,957.8573863
7/2/2025 1:00,955.7088341
7/2/2025 2:00,929.6383256
7/2/2025 3:00,1088.047979
7/2/2025 4:00,1076.627573
7/2/2025 5:00,1013.632839
7/2/2025 6:00,1064.362431
7/2/2025 7:00,1093.690692
7/2/2025 8:00,1159.299127
7/2/2025 9:00,1171.325003
7/2/2025 10:00,1109.453003
7/2/2025 11:00,1095.946963
